id,sensor_id,value,timestamp,processed_at
1,sensor_0,25.44,2025-08-16 21:31:43.462619+00:00,2025-08-16 19:31:43.659522+00:00
2,sensor_3,27.66,2025-08-16 21:31:45.574686+00:00,2025-08-16 19:31:45.591689+00:00
3,sensor_0,24.79,2025-08-16 21:31:47.576265+00:00,2025-08-16 19:31:47.595419+00:00
4,sensor_0,27.92,2025-08-16 21:31:49.579732+00:00,2025-08-16 19:31:49.598016+00:00
5,sensor_1,23.75,2025-08-16 21:31:51.582963+00:00,2025-08-16 19:31:51.600206+00:00
6,sensor_0,22.61,2025-08-16 21:31:53.586177+00:00,2025-08-16 19:31:53.599788+00:00
7,sensor_2,25.84,2025-08-16 21:31:55.588844+00:00,2025-08-16 19:31:55.607112+00:00
8,sensor_4,20.82,2025-08-16 21:31:57.590613+00:00,2025-08-16 19:31:57.602057+00:00
9,sensor_0,28.29,2025-08-16 21:31:59.593716+00:00,2025-08-16 19:31:59.608353+00:00
10,sensor_1,25.38,2025-08-16 21:32:01.597128+00:00,2025-08-16 19:32:01.610572+00:00
11,sensor_2,24.86,2025-08-16 21:32:03.600465+00:00,2025-08-16 19:32:03.615868+00:00
12,sensor_1,21.46,2025-08-16 21:32:05.603229+00:00,2025-08-16 19:32:05.616248+00:00
13,sensor_1,28.54,2025-08-16 21:32:07.606679+00:00,2025-08-16 19:32:07.621616+00:00
14,sensor_1,20.56,2025-08-16 21:32:09.610015+00:00,2025-08-16 19:32:09.625176+00:00
15,sensor_0,28.86,2025-08-16 21:32:11.613652+00:00,2025-08-16 19:32:11.630211+00:00
16,sensor_0,22.89,2025-08-16 21:32:13.618316+00:00,2025-08-16 19:32:13.645355+00:00
17,sensor_0,29.32,2025-08-16 21:32:15.621835+00:00,2025-08-16 19:32:15.640499+00:00
18,sensor_1,21.35,2025-08-16 21:32:17.622625+00:00,2025-08-16 19:32:17.653136+00:00
19,sensor_2,27.63,2025-08-16 21:32:19.626170+00:00,2025-08-16 19:32:19.639410+00:00
20,sensor_0,24.47,2025-08-16 21:32:21.628925+00:00,2025-08-16 19:32:21.644918+00:00
21,sensor_2,22.43,2025-08-16 21:32:23.632544+00:00,2025-08-16 19:32:23.656445+00:00
22,sensor_0,26.86,2025-08-16 21:32:25.634619+00:00,2025-08-16 19:32:25.666381+00:00
23,sensor_2,24.95,2025-08-16 21:32:27.638008+00:00,2025-08-16 19:32:27.655481+00:00
24,sensor_0,20.62,2025-08-16 21:32:29.641337+00:00,2025-08-16 19:32:29.670060+00:00
25,sensor_4,23.5,2025-08-16 21:32:31.643921+00:00,2025-08-16 19:32:31.657910+00:00
26,sensor_4,28.22,2025-08-16 21:32:33.646582+00:00,2025-08-16 19:32:33.660495+00:00
27,sensor_2,29.67,2025-08-16 21:32:35.649230+00:00,2025-08-16 19:32:35.711476+00:00
28,sensor_4,21.77,2025-08-16 21:32:37.652515+00:00,2025-08-16 19:32:37.677874+00:00
29,sensor_3,25.0,2025-08-16 21:32:39.655577+00:00,2025-08-16 19:32:39.668229+00:00
30,sensor_0,27.26,2025-08-16 21:32:41.658729+00:00,2025-08-16 19:32:41.671542+00:00
31,sensor_3,29.78,2025-08-16 21:32:43.661585+00:00,2025-08-16 19:32:43.677167+00:00
32,sensor_1,25.75,2025-08-16 21:32:45.664216+00:00,2025-08-16 19:32:45.682434+00:00
33,sensor_2,21.18,2025-08-16 21:32:47.667745+00:00,2025-08-16 19:32:47.683754+00:00
34,sensor_2,24.31,2025-08-16 21:32:49.671104+00:00,2025-08-16 19:32:49.717791+00:00
35,sensor_1,24.85,2025-08-16 21:32:51.675000+00:00,2025-08-16 19:32:51.689582+00:00
36,sensor_3,26.27,2025-08-16 21:32:53.677585+00:00,2025-08-16 19:32:53.703478+00:00
37,sensor_3,26.32,2025-08-16 21:32:55.678638+00:00,2025-08-16 19:32:55.694969+00:00
38,sensor_4,26.47,2025-08-16 21:32:57.681781+00:00,2025-08-16 19:32:57.695128+00:00
39,sensor_1,24.39,2025-08-16 21:32:59.685639+00:00,2025-08-16 19:32:59.700759+00:00
40,sensor_2,29.82,2025-08-16 21:33:01.689391+00:00,2025-08-16 19:33:01.703026+00:00
41,sensor_3,27.34,2025-08-16 21:33:03.692778+00:00,2025-08-16 19:33:03.706354+00:00
42,sensor_0,28.28,2025-08-16 21:33:05.696116+00:00,2025-08-16 19:33:05.709159+00:00
43,sensor_3,26.38,2025-08-16 21:33:07.699990+00:00,2025-08-16 19:33:07.716394+00:00
44,sensor_4,26.87,2025-08-16 21:33:09.703843+00:00,2025-08-16 19:33:09.730455+00:00
45,sensor_2,24.76,2025-08-16 21:33:11.706561+00:00,2025-08-16 19:33:11.718580+00:00
46,sensor_2,29.08,2025-08-16 21:33:13.709150+00:00,2025-08-16 19:33:13.735012+00:00
47,sensor_0,23.87,2025-08-16 21:33:15.711351+00:00,2025-08-16 19:33:15.726533+00:00
48,sensor_1,22.37,2025-08-16 21:33:17.714263+00:00,2025-08-16 19:33:17.726051+00:00
49,sensor_4,26.47,2025-08-16 21:33:19.717518+00:00,2025-08-16 19:33:19.763117+00:00
50,sensor_1,20.81,2025-08-16 21:33:21.722682+00:00,2025-08-16 19:33:21.748370+00:00
51,sensor_0,27.25,2025-08-16 21:33:23.725204+00:00,2025-08-16 19:33:23.744713+00:00
52,sensor_1,28.21,2025-08-16 21:33:25.728523+00:00,2025-08-16 19:33:25.739101+00:00
53,sensor_4,29.91,2025-08-16 21:33:27.731082+00:00,2025-08-16 19:33:27.771703+00:00
54,sensor_0,27.1,2025-08-16 21:33:29.736385+00:00,2025-08-16 19:33:29.860431+00:00
55,sensor_4,26.79,2025-08-16 21:33:31.741648+00:00,2025-08-16 19:33:31.752907+00:00
56,sensor_1,29.64,2025-08-16 21:33:33.744773+00:00,2025-08-16 19:33:33.760464+00:00
57,sensor_4,29.16,2025-08-16 21:33:35.746691+00:00,2025-08-16 19:33:35.769585+00:00
58,sensor_3,24.99,2025-08-16 21:33:37.750298+00:00,2025-08-16 19:33:37.764120+00:00
59,sensor_0,23.51,2025-08-16 21:33:39.753119+00:00,2025-08-16 19:33:39.774122+00:00
60,sensor_1,25.37,2025-08-16 21:33:41.756970+00:00,2025-08-16 19:33:41.786003+00:00
61,sensor_4,23.19,2025-08-16 21:33:43.760044+00:00,2025-08-16 19:33:43.786967+00:00
62,sensor_0,24.93,2025-08-16 21:33:45.763240+00:00,2025-08-16 19:33:45.793279+00:00
63,sensor_2,27.88,2025-08-16 21:33:47.766694+00:00,2025-08-16 19:33:47.779854+00:00
64,sensor_0,29.93,2025-08-16 21:33:49.769483+00:00,2025-08-16 19:33:49.824219+00:00
65,sensor_1,20.77,2025-08-16 21:33:51.775569+00:00,2025-08-16 19:33:51.804899+00:00
66,sensor_3,26.16,2025-08-16 21:33:53.778795+00:00,2025-08-16 19:33:53.803691+00:00
67,sensor_3,27.72,2025-08-16 21:33:55.782077+00:00,2025-08-16 19:33:55.796608+00:00
68,sensor_4,28.75,2025-08-16 21:33:57.784525+00:00,2025-08-16 19:33:57.797538+00:00
69,sensor_1,26.42,2025-08-16 21:33:59.787781+00:00,2025-08-16 19:33:59.807135+00:00
70,sensor_4,25.82,2025-08-16 21:34:01.790430+00:00,2025-08-16 19:34:01.802666+00:00
71,sensor_2,21.58,2025-08-16 21:34:03.793667+00:00,2025-08-16 19:34:03.824443+00:00
72,sensor_1,22.17,2025-08-16 21:34:05.797633+00:00,2025-08-16 19:34:05.819220+00:00
73,sensor_2,22.44,2025-08-16 21:34:07.801015+00:00,2025-08-16 19:34:07.816273+00:00
74,sensor_4,24.84,2025-08-16 21:34:09.804294+00:00,2025-08-16 19:34:09.816773+00:00
75,sensor_3,22.95,2025-08-16 21:34:11.807430+00:00,2025-08-16 19:34:11.821765+00:00
76,sensor_4,22.49,2025-08-16 21:34:13.810827+00:00,2025-08-16 19:34:13.835235+00:00
77,sensor_4,20.52,2025-08-16 21:34:15.814448+00:00,2025-08-16 19:34:15.842688+00:00
78,sensor_2,29.84,2025-08-16 21:34:17.818331+00:00,2025-08-16 19:34:17.851884+00:00
79,sensor_1,27.21,2025-08-16 21:34:19.821035+00:00,2025-08-16 19:34:19.839132+00:00
80,sensor_3,28.5,2025-08-16 21:34:21.826332+00:00,2025-08-16 19:34:21.863498+00:00
81,sensor_2,27.55,2025-08-16 21:34:23.831159+00:00,2025-08-16 19:34:23.847798+00:00
82,sensor_2,25.86,2025-08-16 21:34:25.836080+00:00,2025-08-16 19:34:25.874006+00:00
83,sensor_1,27.55,2025-08-16 21:34:27.848056+00:00,2025-08-16 19:34:27.862222+00:00
84,sensor_0,28.52,2025-08-16 21:34:29.851223+00:00,2025-08-16 19:34:29.862877+00:00
85,sensor_3,26.44,2025-08-16 21:34:31.854001+00:00,2025-08-16 19:34:31.878314+00:00
86,sensor_4,25.73,2025-08-16 21:34:33.857826+00:00,2025-08-16 19:34:33.872741+00:00
87,sensor_0,22.86,2025-08-16 21:34:35.861083+00:00,2025-08-16 19:34:35.875646+00:00
88,sensor_0,28.14,2025-08-16 21:34:37.864514+00:00,2025-08-16 19:34:37.880464+00:00
89,sensor_3,23.52,2025-08-16 21:34:39.867912+00:00,2025-08-16 19:34:39.881434+00:00
90,sensor_4,22.69,2025-08-16 21:34:41.871212+00:00,2025-08-16 19:34:41.890523+00:00
91,sensor_2,28.9,2025-08-16 21:34:43.874688+00:00,2025-08-16 19:34:43.887693+00:00
92,sensor_2,27.34,2025-08-16 21:34:45.878048+00:00,2025-08-16 19:34:45.893308+00:00
93,sensor_3,29.39,2025-08-16 21:34:47.881242+00:00,2025-08-16 19:34:47.900381+00:00
94,sensor_1,29.24,2025-08-16 21:34:49.884538+00:00,2025-08-16 19:34:49.900763+00:00
95,sensor_2,23.94,2025-08-16 21:34:51.887509+00:00,2025-08-16 19:34:51.901544+00:00
96,sensor_3,25.4,2025-08-16 21:34:53.890135+00:00,2025-08-16 19:34:53.903349+00:00
97,sensor_2,26.25,2025-08-16 21:34:55.892637+00:00,2025-08-16 19:34:55.910889+00:00
98,sensor_0,25.21,2025-08-16 21:34:57.894763+00:00,2025-08-16 19:34:57.907929+00:00
99,sensor_0,25.42,2025-08-16 21:34:59.897831+00:00,2025-08-16 19:34:59.910602+00:00
100,sensor_0,23.88,2025-08-16 21:35:01.900324+00:00,2025-08-16 19:35:01.909774+00:00
101,sensor_3,22.06,2025-08-16 21:35:03.903437+00:00,2025-08-16 19:35:03.919001+00:00
102,sensor_0,25.2,2025-08-16 21:35:05.906620+00:00,2025-08-16 19:35:05.922529+00:00
103,sensor_4,25.86,2025-08-16 21:35:07.909329+00:00,2025-08-16 19:35:07.935037+00:00
104,sensor_4,20.85,2025-08-16 21:35:09.911924+00:00,2025-08-16 19:35:09.923304+00:00
105,sensor_1,20.19,2025-08-16 21:35:11.915051+00:00,2025-08-16 19:35:11.936652+00:00
106,sensor_4,26.99,2025-08-16 21:35:13.918521+00:00,2025-08-16 19:35:13.941706+00:00
107,sensor_4,28.71,2025-08-16 21:35:15.921231+00:00,2025-08-16 19:35:15.943729+00:00
108,sensor_4,28.32,2025-08-16 21:35:17.922602+00:00,2025-08-16 19:35:17.940646+00:00
109,sensor_0,23.29,2025-08-16 21:35:19.923887+00:00,2025-08-16 19:35:19.934628+00:00
110,sensor_4,26.52,2025-08-16 21:35:21.926302+00:00,2025-08-16 19:35:21.940549+00:00
111,sensor_3,26.2,2025-08-16 21:35:23.928783+00:00,2025-08-16 19:35:23.941147+00:00
112,sensor_0,22.43,2025-08-16 21:35:25.931719+00:00,2025-08-16 19:35:25.944213+00:00
113,sensor_2,27.86,2025-08-16 21:35:27.934337+00:00,2025-08-16 19:35:27.945997+00:00
114,sensor_2,24.51,2025-08-16 21:35:29.937621+00:00,2025-08-16 19:35:29.948804+00:00
115,sensor_0,24.25,2025-08-16 21:35:31.939219+00:00,2025-08-16 19:35:31.977286+00:00
116,sensor_0,28.65,2025-08-16 21:35:33.942548+00:00,2025-08-16 19:35:33.970919+00:00
117,sensor_1,25.22,2025-08-16 21:35:35.945812+00:00,2025-08-16 19:35:35.981537+00:00
118,sensor_0,21.86,2025-08-16 21:35:37.947070+00:00,2025-08-16 19:35:37.986536+00:00
119,sensor_4,21.81,2025-08-16 21:35:39.950737+00:00,2025-08-16 19:35:39.984876+00:00
120,sensor_2,20.77,2025-08-16 21:35:41.955048+00:00,2025-08-16 19:35:41.983458+00:00
121,sensor_1,21.87,2025-08-16 21:35:43.957905+00:00,2025-08-16 19:35:44.067967+00:00
122,sensor_2,26.48,2025-08-16 21:35:45.962640+00:00,2025-08-16 19:35:45.998105+00:00
123,sensor_2,22.97,2025-08-16 21:35:47.966281+00:00,2025-08-16 19:35:48.058549+00:00
124,sensor_0,20.74,2025-08-16 21:35:49.969795+00:00,2025-08-16 19:35:50.007606+00:00
125,sensor_3,26.12,2025-08-16 21:35:51.973392+00:00,2025-08-16 19:35:51.996710+00:00
126,sensor_3,24.53,2025-08-16 21:35:53.976868+00:00,2025-08-16 19:35:53.990976+00:00
127,sensor_0,24.98,2025-08-16 21:35:55.980400+00:00,2025-08-16 19:35:55.995606+00:00
128,sensor_4,29.23,2025-08-16 21:35:57.982947+00:00,2025-08-16 19:35:57.997642+00:00
129,sensor_0,28.91,2025-08-16 21:35:59.986532+00:00,2025-08-16 19:36:00.005165+00:00
130,sensor_4,29.94,2025-08-16 21:36:01.989502+00:00,2025-08-16 19:36:02.001020+00:00
131,sensor_1,26.73,2025-08-16 21:36:03.990596+00:00,2025-08-16 19:36:04.003751+00:00
132,sensor_3,24.25,2025-08-16 21:36:05.993254+00:00,2025-08-16 19:36:06.011358+00:00
133,sensor_4,20.15,2025-08-16 21:36:07.996796+00:00,2025-08-16 19:36:08.076813+00:00
134,sensor_2,20.37,2025-08-16 21:36:09.998725+00:00,2025-08-16 19:36:10.012480+00:00
135,sensor_2,20.35,2025-08-16 21:36:12.001898+00:00,2025-08-16 19:36:12.029935+00:00
136,sensor_1,22.33,2025-08-16 21:36:14.004620+00:00,2025-08-16 19:36:14.020642+00:00
137,sensor_1,20.4,2025-08-16 21:36:16.007817+00:00,2025-08-16 19:36:16.021392+00:00
138,sensor_0,29.24,2025-08-16 21:36:18.011044+00:00,2025-08-16 19:36:18.034696+00:00
139,sensor_3,21.54,2025-08-16 21:36:20.013521+00:00,2025-08-16 19:36:20.026386+00:00
140,sensor_2,28.51,2025-08-16 21:36:22.017031+00:00,2025-08-16 19:36:22.042384+00:00
141,sensor_4,23.14,2025-08-16 21:36:24.018609+00:00,2025-08-16 19:36:24.033102+00:00
142,sensor_0,21.95,2025-08-16 21:36:26.021933+00:00,2025-08-16 19:36:26.033340+00:00
143,sensor_0,22.57,2025-08-16 21:36:28.024946+00:00,2025-08-16 19:36:28.049166+00:00
144,sensor_4,21.91,2025-08-16 21:36:30.027414+00:00,2025-08-16 19:36:30.039686+00:00
145,sensor_2,22.46,2025-08-16 21:36:32.030678+00:00,2025-08-16 19:36:32.055287+00:00
146,sensor_3,26.26,2025-08-16 21:36:34.033896+00:00,2025-08-16 19:36:34.058282+00:00
147,sensor_0,24.83,2025-08-16 21:36:36.037096+00:00,2025-08-16 19:36:36.051170+00:00
148,sensor_3,21.04,2025-08-16 21:36:38.040120+00:00,2025-08-16 19:36:38.049146+00:00
149,sensor_3,25.59,2025-08-16 21:36:40.042699+00:00,2025-08-16 19:36:40.056514+00:00
150,sensor_2,23.43,2025-08-16 21:36:42.046191+00:00,2025-08-16 19:36:42.064224+00:00
151,sensor_3,26.23,2025-08-16 21:36:44.050243+00:00,2025-08-16 19:36:44.062578+00:00
152,sensor_4,25.07,2025-08-16 21:36:46.053289+00:00,2025-08-16 19:36:46.069742+00:00
153,sensor_4,24.26,2025-08-16 21:36:48.056769+00:00,2025-08-16 19:36:48.067519+00:00
154,sensor_0,20.42,2025-08-16 21:36:50.059325+00:00,2025-08-16 19:36:50.069164+00:00
155,sensor_1,21.16,2025-08-16 21:36:52.062403+00:00,2025-08-16 19:36:52.084174+00:00
156,sensor_4,20.1,2025-08-16 21:36:54.065186+00:00,2025-08-16 19:36:54.089672+00:00
157,sensor_4,22.59,2025-08-16 21:36:56.067909+00:00,2025-08-16 19:36:56.195911+00:00
158,sensor_0,26.42,2025-08-16 21:36:58.075248+00:00,2025-08-16 19:36:58.087658+00:00
159,sensor_2,20.1,2025-08-16 21:37:00.077880+00:00,2025-08-16 19:37:00.091637+00:00
160,sensor_1,26.18,2025-08-16 21:37:02.081151+00:00,2025-08-16 19:37:02.222903+00:00
161,sensor_4,22.07,2025-08-16 21:37:04.085551+00:00,2025-08-16 19:37:04.125170+00:00
162,sensor_4,23.5,2025-08-16 21:37:06.091490+00:00,2025-08-16 19:37:06.114243+00:00
163,sensor_1,21.11,2025-08-16 21:37:08.094634+00:00,2025-08-16 19:37:08.139944+00:00
164,sensor_4,27.53,2025-08-16 21:37:10.097988+00:00,2025-08-16 19:37:10.110361+00:00
165,sensor_1,27.83,2025-08-16 21:37:12.101403+00:00,2025-08-16 19:37:12.112999+00:00
166,sensor_0,20.69,2025-08-16 21:37:14.102821+00:00,2025-08-16 19:37:14.121971+00:00
167,sensor_3,26.9,2025-08-16 21:37:16.106733+00:00,2025-08-16 19:37:16.131254+00:00
168,sensor_4,24.79,2025-08-16 21:37:18.111951+00:00,2025-08-16 19:37:18.126308+00:00
169,sensor_4,23.3,2025-08-16 21:37:20.115441+00:00,2025-08-16 19:37:20.127606+00:00
170,sensor_3,20.14,2025-08-16 21:37:22.118595+00:00,2025-08-16 19:37:22.134847+00:00
171,sensor_1,21.18,2025-08-16 21:37:24.120681+00:00,2025-08-16 19:37:24.142201+00:00
172,sensor_3,24.07,2025-08-16 21:37:26.123952+00:00,2025-08-16 19:37:26.151191+00:00
173,sensor_4,24.16,2025-08-16 21:37:28.127401+00:00,2025-08-16 19:37:28.156266+00:00
174,sensor_1,23.51,2025-08-16 21:37:30.130324+00:00,2025-08-16 19:37:30.142430+00:00
175,sensor_1,24.78,2025-08-16 21:37:32.132887+00:00,2025-08-16 19:37:32.147384+00:00
176,sensor_3,23.0,2025-08-16 21:37:34.135278+00:00,2025-08-16 19:37:34.147906+00:00
177,sensor_4,25.43,2025-08-16 21:37:36.138334+00:00,2025-08-16 19:37:36.150532+00:00
178,sensor_1,25.81,2025-08-16 21:37:38.141771+00:00,2025-08-16 19:37:38.167553+00:00
179,sensor_1,20.2,2025-08-16 21:37:40.144883+00:00,2025-08-16 19:37:40.156046+00:00
180,sensor_3,29.5,2025-08-16 21:37:42.147827+00:00,2025-08-16 19:37:42.174257+00:00
181,sensor_3,20.13,2025-08-16 21:37:44.151252+00:00,2025-08-16 19:37:44.186722+00:00
182,sensor_2,21.85,2025-08-16 21:37:46.156964+00:00,2025-08-16 19:37:46.171047+00:00
183,sensor_1,26.5,2025-08-16 21:37:48.159569+00:00,2025-08-16 19:37:48.174553+00:00
184,sensor_3,24.32,2025-08-16 21:37:50.162957+00:00,2025-08-16 19:37:50.177298+00:00
185,sensor_1,29.85,2025-08-16 21:37:52.165906+00:00,2025-08-16 19:37:52.178828+00:00
186,sensor_1,27.35,2025-08-16 21:37:54.168621+00:00,2025-08-16 19:37:54.193429+00:00
187,sensor_3,29.4,2025-08-16 21:37:56.172025+00:00,2025-08-16 19:37:56.192152+00:00
188,sensor_2,29.73,2025-08-16 21:37:58.174737+00:00,2025-08-16 19:37:58.191172+00:00
189,sensor_1,28.28,2025-08-16 21:38:00.178070+00:00,2025-08-16 19:38:00.193253+00:00
190,sensor_3,23.26,2025-08-16 21:38:02.182253+00:00,2025-08-16 19:38:02.215623+00:00
191,sensor_1,23.01,2025-08-16 21:38:04.186792+00:00,2025-08-16 19:38:04.202203+00:00
192,sensor_4,24.99,2025-08-16 21:38:06.190317+00:00,2025-08-16 19:38:06.236421+00:00
193,sensor_1,27.99,2025-08-16 21:38:08.193231+00:00,2025-08-16 19:38:08.207456+00:00
194,sensor_0,21.13,2025-08-16 21:38:10.196748+00:00,2025-08-16 19:38:10.210452+00:00
195,sensor_2,29.24,2025-08-16 21:38:12.199936+00:00,2025-08-16 19:38:12.213229+00:00
196,sensor_0,26.19,2025-08-16 21:38:14.202937+00:00,2025-08-16 19:38:14.215032+00:00
197,sensor_4,26.31,2025-08-16 21:38:16.206330+00:00,2025-08-16 19:38:16.238583+00:00
198,sensor_4,28.05,2025-08-16 21:38:18.212351+00:00,2025-08-16 19:38:18.234247+00:00
199,sensor_0,24.42,2025-08-16 21:38:20.215863+00:00,2025-08-16 19:38:20.226217+00:00
200,sensor_2,21.64,2025-08-16 21:38:22.218398+00:00,2025-08-16 19:38:22.233209+00:00
201,sensor_1,21.44,2025-08-16 21:38:24.221659+00:00,2025-08-16 19:38:24.245504+00:00
202,sensor_2,27.45,2025-08-16 21:38:26.224354+00:00,2025-08-16 19:38:26.240576+00:00
203,sensor_0,22.66,2025-08-16 21:38:28.227172+00:00,2025-08-16 19:38:28.248288+00:00
204,sensor_4,29.54,2025-08-16 21:38:30.230153+00:00,2025-08-16 19:38:30.245778+00:00
205,sensor_2,22.13,2025-08-16 21:38:32.233411+00:00,2025-08-16 19:38:32.261192+00:00
206,sensor_0,29.57,2025-08-16 21:38:34.235748+00:00,2025-08-16 19:38:34.286863+00:00
207,sensor_3,27.49,2025-08-16 21:38:36.238416+00:00,2025-08-16 19:38:36.250325+00:00
208,sensor_3,25.43,2025-08-16 21:38:38.241501+00:00,2025-08-16 19:38:38.259228+00:00
209,sensor_4,22.36,2025-08-16 21:38:40.244909+00:00,2025-08-16 19:38:40.256913+00:00
210,sensor_3,27.55,2025-08-16 21:38:42.247866+00:00,2025-08-16 19:38:42.260230+00:00
211,sensor_3,23.44,2025-08-16 21:38:44.250776+00:00,2025-08-16 19:38:44.265998+00:00
212,sensor_2,24.28,2025-08-16 21:38:46.254249+00:00,2025-08-16 19:38:46.268382+00:00
213,sensor_1,21.23,2025-08-16 21:38:48.257546+00:00,2025-08-16 19:38:48.291423+00:00
214,sensor_3,26.3,2025-08-16 21:38:50.263064+00:00,2025-08-16 19:38:50.278097+00:00
215,sensor_2,25.21,2025-08-16 21:38:52.266381+00:00,2025-08-16 19:38:52.279024+00:00
216,sensor_2,26.05,2025-08-16 21:38:54.269408+00:00,2025-08-16 19:38:54.285887+00:00
217,sensor_4,29.34,2025-08-16 21:38:56.272415+00:00,2025-08-16 19:38:56.286061+00:00
218,sensor_1,25.02,2025-08-16 21:38:58.275577+00:00,2025-08-16 19:38:58.300967+00:00
219,sensor_2,25.87,2025-08-16 21:39:00.278254+00:00,2025-08-16 19:39:00.290062+00:00
220,sensor_2,21.49,2025-08-16 21:39:02.280736+00:00,2025-08-16 19:39:02.304305+00:00
221,sensor_3,27.71,2025-08-16 21:39:04.283238+00:00,2025-08-16 19:39:04.311558+00:00
222,sensor_3,27.52,2025-08-16 21:39:06.286687+00:00,2025-08-16 19:39:06.299249+00:00
223,sensor_4,21.47,2025-08-16 21:39:08.290017+00:00,2025-08-16 19:39:08.323024+00:00
224,sensor_2,24.11,2025-08-16 21:39:10.293427+00:00,2025-08-16 19:39:10.314453+00:00
225,sensor_3,20.77,2025-08-16 21:39:12.296938+00:00,2025-08-16 19:39:12.313580+00:00
226,sensor_3,24.03,2025-08-16 21:39:14.300102+00:00,2025-08-16 19:39:14.325880+00:00
227,sensor_3,22.11,2025-08-16 21:39:16.303397+00:00,2025-08-16 19:39:16.330735+00:00
228,sensor_0,23.5,2025-08-16 21:39:18.306984+00:00,2025-08-16 19:39:18.320019+00:00
229,sensor_1,25.77,2025-08-16 21:39:20.310228+00:00,2025-08-16 19:39:20.325197+00:00
230,sensor_1,26.68,2025-08-16 21:39:22.313672+00:00,2025-08-16 19:39:22.329121+00:00
231,sensor_3,25.71,2025-08-16 21:39:24.317312+00:00,2025-08-16 19:39:24.328369+00:00
232,sensor_1,29.31,2025-08-16 21:39:26.318584+00:00,2025-08-16 19:39:26.336678+00:00
233,sensor_2,21.79,2025-08-16 21:39:28.321422+00:00,2025-08-16 19:39:28.337351+00:00
234,sensor_0,20.84,2025-08-16 21:39:30.324813+00:00,2025-08-16 19:39:30.335797+00:00
235,sensor_0,24.14,2025-08-16 21:39:32.327860+00:00,2025-08-16 19:39:32.360642+00:00
236,sensor_3,26.11,2025-08-16 21:39:34.332130+00:00,2025-08-16 19:39:34.345394+00:00
237,sensor_2,23.38,2025-08-16 21:39:36.334583+00:00,2025-08-16 19:39:36.430609+00:00
238,sensor_2,29.08,2025-08-16 21:39:38.337329+00:00,2025-08-16 19:39:38.362880+00:00
239,sensor_3,22.59,2025-08-16 21:39:40.340130+00:00,2025-08-16 19:39:40.362237+00:00
240,sensor_0,23.33,2025-08-16 21:39:42.348439+00:00,2025-08-16 19:39:42.369026+00:00
241,sensor_2,28.89,2025-08-16 21:39:44.350595+00:00,2025-08-16 19:39:44.378310+00:00
242,sensor_1,23.49,2025-08-16 21:39:46.353513+00:00,2025-08-16 19:39:46.386747+00:00
243,sensor_4,29.96,2025-08-16 21:39:48.356993+00:00,2025-08-16 19:39:48.384683+00:00
244,sensor_4,24.14,2025-08-16 21:39:50.358638+00:00,2025-08-16 19:39:50.372009+00:00
245,sensor_4,28.81,2025-08-16 21:39:52.362062+00:00,2025-08-16 19:39:52.375756+00:00
246,sensor_4,22.83,2025-08-16 21:39:54.365323+00:00,2025-08-16 19:39:54.391900+00:00
247,sensor_2,26.49,2025-08-16 21:39:56.366796+00:00,2025-08-16 19:39:56.392762+00:00
248,sensor_3,29.65,2025-08-16 21:39:58.369557+00:00,2025-08-16 19:39:58.397184+00:00
249,sensor_2,21.85,2025-08-16 21:40:00.373422+00:00,2025-08-16 19:40:00.388538+00:00
250,sensor_0,20.06,2025-08-16 21:40:02.376737+00:00,2025-08-16 19:40:02.412339+00:00
251,sensor_4,28.3,2025-08-16 21:40:04.378692+00:00,2025-08-16 19:40:04.405349+00:00
252,sensor_1,23.14,2025-08-16 21:40:06.382376+00:00,2025-08-16 19:40:06.395787+00:00
253,sensor_1,27.35,2025-08-16 21:40:08.385740+00:00,2025-08-16 19:40:08.400273+00:00
254,sensor_2,27.06,2025-08-16 21:40:10.389166+00:00,2025-08-16 19:40:10.415777+00:00
255,sensor_4,27.04,2025-08-16 21:40:12.391902+00:00,2025-08-16 19:40:12.416380+00:00
256,sensor_0,21.64,2025-08-16 21:40:14.395816+00:00,2025-08-16 19:40:14.421133+00:00
257,sensor_3,24.26,2025-08-16 21:40:16.397709+00:00,2025-08-16 19:40:16.412418+00:00
258,sensor_0,21.59,2025-08-16 21:40:18.401454+00:00,2025-08-16 19:40:18.576648+00:00
259,sensor_0,27.28,2025-08-16 21:40:20.405168+00:00,2025-08-16 19:40:20.420808+00:00
260,sensor_3,26.02,2025-08-16 21:40:22.408501+00:00,2025-08-16 19:40:22.423263+00:00
261,sensor_2,29.78,2025-08-16 21:40:24.412151+00:00,2025-08-16 19:40:24.458621+00:00
262,sensor_4,22.98,2025-08-16 21:40:26.418250+00:00,2025-08-16 19:40:26.450334+00:00
263,sensor_2,24.27,2025-08-16 21:40:28.423746+00:00,2025-08-16 19:40:28.436330+00:00
264,sensor_4,26.17,2025-08-16 21:40:30.426707+00:00,2025-08-16 19:40:30.442262+00:00
265,sensor_1,26.01,2025-08-16 21:40:32.430355+00:00,2025-08-16 19:40:32.473134+00:00
266,sensor_4,23.49,2025-08-16 21:40:34.437214+00:00,2025-08-16 19:40:34.449716+00:00
267,sensor_1,28.65,2025-08-16 21:40:36.438671+00:00,2025-08-16 19:40:36.452565+00:00
268,sensor_0,29.01,2025-08-16 21:40:38.441984+00:00,2025-08-16 19:40:38.463537+00:00
269,sensor_3,20.31,2025-08-16 21:40:40.446141+00:00,2025-08-16 19:40:40.464044+00:00
270,sensor_0,27.44,2025-08-16 21:40:42.449740+00:00,2025-08-16 19:40:42.462177+00:00
271,sensor_0,20.54,2025-08-16 21:40:44.453036+00:00,2025-08-16 19:40:44.465038+00:00
272,sensor_2,22.28,2025-08-16 21:40:46.456099+00:00,2025-08-16 19:40:46.470399+00:00
273,sensor_4,24.41,2025-08-16 21:40:48.458781+00:00,2025-08-16 19:40:48.470015+00:00
274,sensor_0,26.51,2025-08-16 21:40:50.461920+00:00,2025-08-16 19:40:50.475991+00:00
275,sensor_1,28.28,2025-08-16 21:40:52.464546+00:00,2025-08-16 19:40:52.479670+00:00
276,sensor_1,21.51,2025-08-16 21:40:54.466815+00:00,2025-08-16 19:40:54.479313+00:00
277,sensor_2,23.1,2025-08-16 21:40:56.469917+00:00,2025-08-16 19:40:56.489116+00:00
278,sensor_4,22.62,2025-08-16 21:40:58.473253+00:00,2025-08-16 19:40:58.484847+00:00
279,sensor_0,22.46,2025-08-16 21:41:00.476367+00:00,2025-08-16 19:41:00.520506+00:00
280,sensor_4,27.95,2025-08-16 21:41:02.479212+00:00,2025-08-16 19:41:02.490535+00:00
281,sensor_2,26.27,2025-08-16 21:41:04.482735+00:00,2025-08-16 19:41:04.516582+00:00
282,sensor_4,28.23,2025-08-16 21:41:06.485757+00:00,2025-08-16 19:41:06.496771+00:00
283,sensor_1,29.56,2025-08-16 21:41:08.488847+00:00,2025-08-16 19:41:08.503780+00:00
284,sensor_4,23.09,2025-08-16 21:41:10.492076+00:00,2025-08-16 19:41:10.532840+00:00
285,sensor_3,28.33,2025-08-16 21:41:12.496365+00:00,2025-08-16 19:41:12.520750+00:00
286,sensor_4,29.47,2025-08-16 21:41:14.499662+00:00,2025-08-16 19:41:14.523335+00:00
287,sensor_4,27.97,2025-08-16 21:41:16.502896+00:00,2025-08-16 19:41:16.526791+00:00
288,sensor_4,26.62,2025-08-16 21:41:18.504400+00:00,2025-08-16 19:41:18.520856+00:00
289,sensor_1,20.17,2025-08-16 21:41:20.506635+00:00,2025-08-16 19:41:20.532236+00:00
290,sensor_0,28.55,2025-08-16 21:41:22.509340+00:00,2025-08-16 19:41:22.524357+00:00
291,sensor_3,24.5,2025-08-16 21:41:24.511997+00:00,2025-08-16 19:41:24.536690+00:00
292,sensor_4,27.48,2025-08-16 21:41:26.515363+00:00,2025-08-16 19:41:26.547525+00:00
293,sensor_1,26.25,2025-08-16 21:41:28.518304+00:00,2025-08-16 19:41:28.534809+00:00
294,sensor_4,26.17,2025-08-16 21:41:30.521297+00:00,2025-08-16 19:41:30.545865+00:00
295,sensor_0,28.03,2025-08-16 21:41:32.524512+00:00,2025-08-16 19:41:32.536696+00:00
296,sensor_2,27.38,2025-08-16 21:41:34.526816+00:00,2025-08-16 19:41:34.558237+00:00
297,sensor_2,29.48,2025-08-16 21:41:36.528696+00:00,2025-08-16 19:41:36.547129+00:00
298,sensor_1,28.59,2025-08-16 21:41:38.532311+00:00,2025-08-16 19:41:38.556072+00:00
299,sensor_2,28.93,2025-08-16 21:41:40.535374+00:00,2025-08-16 19:41:40.564704+00:00
300,sensor_1,26.95,2025-08-16 21:41:42.538869+00:00,2025-08-16 19:41:42.557613+00:00
301,sensor_1,21.2,2025-08-16 21:41:44.542202+00:00,2025-08-16 19:41:44.570400+00:00
302,sensor_0,28.61,2025-08-16 21:41:46.545674+00:00,2025-08-16 19:41:46.573860+00:00
303,sensor_4,22.56,2025-08-16 21:41:48.549190+00:00,2025-08-16 19:41:48.564645+00:00
304,sensor_2,21.13,2025-08-16 21:41:50.552758+00:00,2025-08-16 19:41:50.579379+00:00
305,sensor_3,20.85,2025-08-16 21:41:52.556303+00:00,2025-08-16 19:41:52.576786+00:00
306,sensor_0,28.28,2025-08-16 21:41:54.559175+00:00,2025-08-16 19:41:54.589093+00:00
307,sensor_3,25.98,2025-08-16 21:41:56.562854+00:00,2025-08-16 19:41:56.580004+00:00
308,sensor_4,22.19,2025-08-16 21:41:58.566554+00:00,2025-08-16 19:41:58.592845+00:00
309,sensor_4,22.01,2025-08-16 21:42:00.569885+00:00,2025-08-16 19:42:00.596349+00:00
310,sensor_2,28.25,2025-08-16 21:42:02.573404+00:00,2025-08-16 19:42:02.647454+00:00
311,sensor_2,29.34,2025-08-16 21:42:04.576896+00:00,2025-08-16 19:42:04.589350+00:00
312,sensor_4,21.61,2025-08-16 21:42:06.580094+00:00,2025-08-16 19:42:06.590009+00:00
313,sensor_0,20.41,2025-08-16 21:42:08.582535+00:00,2025-08-16 19:42:08.599025+00:00
314,sensor_0,22.41,2025-08-16 21:42:10.585637+00:00,2025-08-16 19:42:10.598008+00:00
315,sensor_1,20.42,2025-08-16 21:42:12.589018+00:00,2025-08-16 19:42:12.602739+00:00
316,sensor_3,28.78,2025-08-16 21:42:14.591535+00:00,2025-08-16 19:42:14.604947+00:00
317,sensor_0,28.19,2025-08-16 21:42:16.595000+00:00,2025-08-16 19:42:16.611265+00:00
318,sensor_2,21.2,2025-08-16 21:42:18.598221+00:00,2025-08-16 19:42:18.629807+00:00
319,sensor_3,20.92,2025-08-16 21:42:20.601979+00:00,2025-08-16 19:42:20.614627+00:00
320,sensor_3,27.43,2025-08-16 21:42:22.604669+00:00,2025-08-16 19:42:22.634169+00:00
321,sensor_3,20.99,2025-08-16 21:42:24.607413+00:00,2025-08-16 19:42:24.631376+00:00
322,sensor_4,21.6,2025-08-16 21:42:26.610418+00:00,2025-08-16 19:42:26.637823+00:00
323,sensor_1,25.64,2025-08-16 21:42:28.613160+00:00,2025-08-16 19:42:28.634553+00:00
324,sensor_3,27.33,2025-08-16 21:42:30.616374+00:00,2025-08-16 19:42:30.628463+00:00
325,sensor_3,22.11,2025-08-16 21:42:32.619414+00:00,2025-08-16 19:42:32.642956+00:00
326,sensor_1,29.45,2025-08-16 21:42:34.623292+00:00,2025-08-16 19:42:34.635987+00:00
327,sensor_4,26.15,2025-08-16 21:42:36.625813+00:00,2025-08-16 19:42:36.650791+00:00
328,sensor_1,27.85,2025-08-16 21:42:38.627271+00:00,2025-08-16 19:42:38.641468+00:00
329,sensor_1,29.75,2025-08-16 21:42:40.629863+00:00,2025-08-16 19:42:40.654109+00:00
330,sensor_3,23.29,2025-08-16 21:42:42.633001+00:00,2025-08-16 19:42:42.642846+00:00
331,sensor_4,24.71,2025-08-16 21:42:44.635527+00:00,2025-08-16 19:42:44.657359+00:00
332,sensor_2,22.92,2025-08-16 21:42:46.638566+00:00,2025-08-16 19:42:46.649386+00:00
333,sensor_2,27.75,2025-08-16 21:42:48.641715+00:00,2025-08-16 19:42:48.654347+00:00
334,sensor_0,28.51,2025-08-16 21:42:50.644883+00:00,2025-08-16 19:42:50.673822+00:00
335,sensor_0,29.06,2025-08-16 21:42:52.647627+00:00,2025-08-16 19:42:52.660276+00:00
336,sensor_0,23.78,2025-08-16 21:42:54.650931+00:00,2025-08-16 19:42:54.667079+00:00
337,sensor_0,27.43,2025-08-16 21:42:56.654412+00:00,2025-08-16 19:42:56.671693+00:00
338,sensor_2,25.66,2025-08-16 21:42:58.657806+00:00,2025-08-16 19:42:58.682533+00:00
339,sensor_4,28.8,2025-08-16 21:43:00.660990+00:00,2025-08-16 19:43:00.684725+00:00
340,sensor_3,24.63,2025-08-16 21:43:02.664387+00:00,2025-08-16 19:43:02.690560+00:00
341,sensor_3,21.21,2025-08-16 21:43:04.667373+00:00,2025-08-16 19:43:04.700190+00:00
342,sensor_3,28.48,2025-08-16 21:43:06.669947+00:00,2025-08-16 19:43:06.696335+00:00
343,sensor_0,22.28,2025-08-16 21:43:08.670594+00:00,2025-08-16 19:43:08.696783+00:00
344,sensor_3,26.37,2025-08-16 21:43:10.672959+00:00,2025-08-16 19:43:10.716548+00:00
345,sensor_1,22.78,2025-08-16 21:43:12.676198+00:00,2025-08-16 19:43:12.687288+00:00
346,sensor_3,21.66,2025-08-16 21:43:14.679297+00:00,2025-08-16 19:43:14.689764+00:00
347,sensor_1,23.99,2025-08-16 21:43:16.681955+00:00,2025-08-16 19:43:16.719549+00:00
348,sensor_2,27.39,2025-08-16 21:43:18.687171+00:00,2025-08-16 19:43:18.697790+00:00
349,sensor_1,22.63,2025-08-16 21:43:20.690225+00:00,2025-08-16 19:43:20.700594+00:00
350,sensor_2,20.09,2025-08-16 21:43:22.693546+00:00,2025-08-16 19:43:22.705707+00:00
351,sensor_4,21.44,2025-08-16 21:43:24.696805+00:00,2025-08-16 19:43:24.711515+00:00
352,sensor_1,21.36,2025-08-16 21:43:26.698998+00:00,2025-08-16 19:43:26.712581+00:00
353,sensor_3,29.29,2025-08-16 21:43:28.702634+00:00,2025-08-16 19:43:28.720254+00:00
354,sensor_4,25.95,2025-08-16 21:43:30.706406+00:00,2025-08-16 19:43:30.735779+00:00
355,sensor_0,24.4,2025-08-16 21:43:32.709447+00:00,2025-08-16 19:43:32.721142+00:00
356,sensor_2,20.24,2025-08-16 21:43:34.713079+00:00,2025-08-16 19:43:34.726799+00:00
357,sensor_2,25.16,2025-08-16 21:43:36.716489+00:00,2025-08-16 19:43:36.731304+00:00
358,sensor_4,24.48,2025-08-16 21:43:38.720104+00:00,2025-08-16 19:43:38.741044+00:00
359,sensor_0,21.35,2025-08-16 21:43:40.722731+00:00,2025-08-16 19:43:40.737722+00:00
360,sensor_4,20.74,2025-08-16 21:43:42.725387+00:00,2025-08-16 19:43:42.736570+00:00
361,sensor_2,20.15,2025-08-16 21:43:44.728364+00:00,2025-08-16 19:43:44.743546+00:00
362,sensor_3,26.55,2025-08-16 21:43:46.731671+00:00,2025-08-16 19:43:46.752561+00:00
363,sensor_4,26.95,2025-08-16 21:43:48.734333+00:00,2025-08-16 19:43:48.752149+00:00
364,sensor_3,26.8,2025-08-16 21:43:50.737752+00:00,2025-08-16 19:43:50.752359+00:00
365,sensor_1,29.24,2025-08-16 21:43:52.740662+00:00,2025-08-16 19:43:52.755525+00:00
366,sensor_4,25.06,2025-08-16 21:43:54.743502+00:00,2025-08-16 19:43:54.776937+00:00
367,sensor_4,25.96,2025-08-16 21:43:56.747136+00:00,2025-08-16 19:43:56.763454+00:00
368,sensor_0,27.43,2025-08-16 21:43:58.750550+00:00,2025-08-16 19:43:58.764653+00:00
369,sensor_2,21.21,2025-08-16 21:44:00.753311+00:00,2025-08-16 19:44:00.815407+00:00
370,sensor_3,24.06,2025-08-16 21:44:02.757251+00:00,2025-08-16 19:44:02.807895+00:00
371,sensor_2,22.85,2025-08-16 21:44:04.760033+00:00,2025-08-16 19:44:04.780136+00:00
372,sensor_0,24.35,2025-08-16 21:44:06.762640+00:00,2025-08-16 19:44:06.800755+00:00
373,sensor_0,25.91,2025-08-16 21:44:08.766129+00:00,2025-08-16 19:44:08.797207+00:00
374,sensor_3,22.69,2025-08-16 21:44:10.769444+00:00,2025-08-16 19:44:10.981283+00:00
375,sensor_0,26.66,2025-08-16 21:44:12.771332+00:00,2025-08-16 19:44:12.885967+00:00
376,sensor_0,25.87,2025-08-16 21:44:14.775572+00:00,2025-08-16 19:44:14.844279+00:00
377,sensor_2,23.54,2025-08-16 21:44:16.778118+00:00,2025-08-16 19:44:16.805341+00:00
378,sensor_1,25.11,2025-08-16 21:44:18.781439+00:00,2025-08-16 19:44:18.817050+00:00
379,sensor_4,28.11,2025-08-16 21:44:20.785664+00:00,2025-08-16 19:44:20.878938+00:00
380,sensor_1,28.61,2025-08-16 21:44:22.788254+00:00,2025-08-16 19:44:22.809239+00:00
381,sensor_3,20.69,2025-08-16 21:44:24.791153+00:00,2025-08-16 19:44:24.817870+00:00
382,sensor_3,28.83,2025-08-16 21:44:26.794561+00:00,2025-08-16 19:44:26.820395+00:00
383,sensor_2,29.62,2025-08-16 21:48:20.954531+00:00,2025-08-16 19:48:21.148736+00:00
384,sensor_4,23.62,2025-08-16 21:48:23.065539+00:00,2025-08-16 19:48:23.089225+00:00
385,sensor_2,27.55,2025-08-16 21:48:25.069862+00:00,2025-08-16 19:48:25.083444+00:00
386,sensor_3,23.11,2025-08-16 21:48:27.071123+00:00,2025-08-16 19:48:27.132523+00:00
387,sensor_3,22.17,2025-08-16 21:48:29.073586+00:00,2025-08-16 19:48:29.096272+00:00
388,sensor_2,27.71,2025-08-16 21:48:31.076750+00:00,2025-08-16 19:48:31.141508+00:00
389,sensor_3,27.63,2025-08-16 21:48:33.079939+00:00,2025-08-16 19:48:33.092486+00:00
390,sensor_2,21.27,2025-08-16 21:48:35.083375+00:00,2025-08-16 19:48:35.111390+00:00
391,sensor_1,29.35,2025-08-16 21:48:37.086646+00:00,2025-08-16 19:48:37.111725+00:00
392,sensor_4,28.28,2025-08-16 21:48:39.089806+00:00,2025-08-16 19:48:39.113425+00:00
393,sensor_2,20.49,2025-08-16 21:48:41.093168+00:00,2025-08-16 19:48:41.112199+00:00
394,sensor_2,26.17,2025-08-16 21:48:43.094620+00:00,2025-08-16 19:48:43.107688+00:00
395,sensor_3,28.01,2025-08-16 21:48:45.098023+00:00,2025-08-16 19:48:45.121527+00:00
396,sensor_1,27.91,2025-08-16 21:48:47.101042+00:00,2025-08-16 19:48:47.115453+00:00
397,sensor_1,23.86,2025-08-16 21:48:49.104331+00:00,2025-08-16 19:48:49.176012+00:00
398,sensor_4,29.2,2025-08-16 21:48:51.107690+00:00,2025-08-16 19:48:51.122666+00:00
399,sensor_4,21.81,2025-08-16 21:48:53.110609+00:00,2025-08-16 19:48:53.138139+00:00
400,sensor_1,21.1,2025-08-16 21:48:55.113229+00:00,2025-08-16 19:48:55.131802+00:00
401,sensor_0,26.54,2025-08-16 21:48:57.115899+00:00,2025-08-16 19:48:57.132276+00:00
402,sensor_1,22.77,2025-08-16 21:48:59.118625+00:00,2025-08-16 19:48:59.156100+00:00
403,sensor_1,21.16,2025-08-16 21:49:01.121358+00:00,2025-08-16 19:49:01.177130+00:00
404,sensor_0,28.39,2025-08-16 21:49:03.123943+00:00,2025-08-16 19:49:03.145516+00:00
405,sensor_4,20.74,2025-08-16 21:49:05.126696+00:00,2025-08-16 19:49:05.144570+00:00
406,sensor_4,27.88,2025-08-16 21:49:07.129359+00:00,2025-08-16 19:49:07.171960+00:00
407,sensor_4,25.29,2025-08-16 21:49:09.130614+00:00,2025-08-16 19:49:09.150971+00:00
408,sensor_1,20.88,2025-08-16 21:49:11.133881+00:00,2025-08-16 19:49:11.334792+00:00
409,sensor_4,21.68,2025-08-16 21:49:13.137583+00:00,2025-08-16 19:49:13.161751+00:00
410,sensor_3,22.49,2025-08-16 21:49:15.141043+00:00,2025-08-16 19:49:15.191952+00:00
411,sensor_3,26.08,2025-08-16 21:49:17.146590+00:00,2025-08-16 19:49:17.194533+00:00
412,sensor_3,20.53,2025-08-16 21:49:19.149389+00:00,2025-08-16 19:49:19.195257+00:00
413,sensor_0,22.83,2025-08-16 21:49:21.153485+00:00,2025-08-16 19:49:21.188239+00:00
414,sensor_3,29.38,2025-08-16 21:49:23.155457+00:00,2025-08-16 19:49:23.192197+00:00
415,sensor_0,26.58,2025-08-16 21:49:25.163183+00:00,2025-08-16 19:49:25.211935+00:00
416,sensor_3,23.08,2025-08-16 21:49:27.165753+00:00,2025-08-16 19:49:27.213872+00:00
417,sensor_2,20.15,2025-08-16 21:49:29.180867+00:00,2025-08-16 19:49:29.237817+00:00
418,sensor_0,20.35,2025-08-16 21:49:31.182699+00:00,2025-08-16 19:49:31.334727+00:00
419,sensor_2,27.48,2025-08-16 21:49:33.186578+00:00,2025-08-16 19:49:33.252862+00:00
420,sensor_1,28.57,2025-08-16 21:49:35.189303+00:00,2025-08-16 19:49:35.216651+00:00
421,sensor_1,29.1,2025-08-16 21:49:37.192648+00:00,2025-08-16 19:49:37.232587+00:00
422,sensor_0,27.45,2025-08-16 21:49:39.195330+00:00,2025-08-16 19:49:39.221808+00:00
423,sensor_3,24.23,2025-08-16 21:49:41.203528+00:00,2025-08-16 19:49:41.343591+00:00
424,sensor_4,29.03,2025-08-16 21:49:43.205122+00:00,2025-08-16 19:49:43.257927+00:00
425,sensor_3,27.41,2025-08-16 21:49:45.226364+00:00,2025-08-16 19:49:45.239914+00:00
426,sensor_4,27.73,2025-08-16 21:49:47.229098+00:00,2025-08-16 19:49:47.245605+00:00
427,sensor_2,21.26,2025-08-16 21:49:49.231623+00:00,2025-08-16 19:49:49.259656+00:00
428,sensor_2,23.63,2025-08-16 21:49:51.234320+00:00,2025-08-16 19:49:51.271343+00:00
429,sensor_2,26.13,2025-08-16 21:49:53.239303+00:00,2025-08-16 19:49:53.252960+00:00
430,sensor_4,29.09,2025-08-16 21:49:55.242849+00:00,2025-08-16 19:49:55.259627+00:00
431,sensor_2,21.61,2025-08-16 21:49:57.246304+00:00,2025-08-16 19:49:57.283187+00:00
432,sensor_1,21.92,2025-08-16 21:49:59.247399+00:00,2025-08-16 19:49:59.261663+00:00
433,sensor_4,25.59,2025-08-16 21:50:01.250594+00:00,2025-08-16 19:50:01.261425+00:00
434,sensor_4,28.21,2025-08-16 21:50:03.253567+00:00,2025-08-16 19:50:03.266101+00:00
435,sensor_3,27.24,2025-08-16 21:50:05.256833+00:00,2025-08-16 19:50:05.272757+00:00
436,sensor_3,27.26,2025-08-16 21:50:07.259175+00:00,2025-08-16 19:50:07.278459+00:00
437,sensor_3,26.46,2025-08-16 21:50:09.261783+00:00,2025-08-16 19:50:09.286621+00:00
438,sensor_0,20.5,2025-08-16 21:50:11.265219+00:00,2025-08-16 19:50:11.285727+00:00
439,sensor_0,24.89,2025-08-16 21:50:13.268616+00:00,2025-08-16 19:50:13.312833+00:00
440,sensor_2,22.29,2025-08-16 21:50:15.273372+00:00,2025-08-16 19:50:15.286640+00:00
441,sensor_3,22.36,2025-08-16 21:50:17.276459+00:00,2025-08-16 19:50:17.318609+00:00
442,sensor_1,26.72,2025-08-16 21:50:19.281757+00:00,2025-08-16 19:50:19.328296+00:00
443,sensor_3,22.88,2025-08-16 21:50:21.284553+00:00,2025-08-16 19:50:21.310882+00:00
444,sensor_3,20.31,2025-08-16 21:50:23.286650+00:00,2025-08-16 19:50:23.306227+00:00
445,sensor_3,29.8,2025-08-16 21:50:25.290301+00:00,2025-08-16 19:50:25.301803+00:00
446,sensor_3,29.5,2025-08-16 21:50:27.293655+00:00,2025-08-16 19:50:27.321494+00:00
447,sensor_3,29.59,2025-08-16 21:50:29.297658+00:00,2025-08-16 19:50:29.310563+00:00
448,sensor_3,28.03,2025-08-16 21:50:31.298592+00:00,2025-08-16 19:50:31.349620+00:00
449,sensor_0,28.72,2025-08-16 21:50:33.301303+00:00,2025-08-16 19:50:33.314752+00:00
450,sensor_0,27.27,2025-08-16 21:50:35.312009+00:00,2025-08-16 19:50:35.452324+00:00
451,sensor_1,21.52,2025-08-16 21:50:37.314686+00:00,2025-08-16 19:50:37.339286+00:00
452,sensor_0,26.84,2025-08-16 21:50:39.317978+00:00,2025-08-16 19:50:39.342259+00:00
453,sensor_3,28.69,2025-08-16 21:50:41.320414+00:00,2025-08-16 19:50:41.331764+00:00
454,sensor_2,21.4,2025-08-16 21:50:43.322649+00:00,2025-08-16 19:50:43.362533+00:00
455,sensor_3,28.35,2025-08-16 21:50:45.326561+00:00,2025-08-16 19:50:45.366676+00:00
456,sensor_1,24.54,2025-08-16 21:50:47.330438+00:00,2025-08-16 19:50:47.381828+00:00
457,sensor_2,27.7,2025-08-16 21:50:49.334049+00:00,2025-08-16 19:50:49.357110+00:00
458,sensor_2,22.88,2025-08-16 21:50:51.337355+00:00,2025-08-16 19:50:51.380461+00:00
459,sensor_4,20.73,2025-08-16 21:50:53.342548+00:00,2025-08-16 19:50:53.413568+00:00
460,sensor_3,22.38,2025-08-16 21:50:55.345219+00:00,2025-08-16 19:50:55.505313+00:00
461,sensor_4,20.27,2025-08-16 21:50:57.346594+00:00,2025-08-16 19:50:57.474319+00:00
462,sensor_4,22.45,2025-08-16 21:50:59.347338+00:00,2025-08-16 19:50:59.486546+00:00
463,sensor_1,28.65,2025-08-16 21:51:01.359789+00:00,2025-08-16 19:51:01.521514+00:00
464,sensor_3,22.9,2025-08-16 21:51:03.371834+00:00,2025-08-16 19:51:03.476112+00:00
465,sensor_4,24.56,2025-08-16 21:51:05.379322+00:00,2025-08-16 19:51:05.417348+00:00
466,sensor_3,27.49,2025-08-16 21:51:07.386583+00:00,2025-08-16 19:51:07.439357+00:00
467,sensor_4,20.15,2025-08-16 21:51:09.388921+00:00,2025-08-16 19:51:09.501722+00:00
468,sensor_3,27.72,2025-08-16 21:51:11.397500+00:00,2025-08-16 19:51:11.543426+00:00
469,sensor_2,21.22,2025-08-16 21:51:13.401222+00:00,2025-08-16 19:51:13.519051+00:00
470,sensor_0,21.21,2025-08-16 21:51:15.403832+00:00,2025-08-16 19:51:15.476432+00:00
471,sensor_2,20.3,2025-08-16 21:51:17.414640+00:00,2025-08-16 19:51:17.485711+00:00
472,sensor_4,23.07,2025-08-16 21:51:19.417370+00:00,2025-08-16 19:51:19.565063+00:00
473,sensor_3,29.21,2025-08-16 21:51:21.427051+00:00,2025-08-16 19:51:21.488581+00:00
474,sensor_3,25.78,2025-08-16 21:51:23.429822+00:00,2025-08-16 19:51:23.468201+00:00
475,sensor_4,28.45,2025-08-16 21:51:25.433206+00:00,2025-08-16 19:51:25.454928+00:00
476,sensor_2,23.54,2025-08-16 21:51:27.436885+00:00,2025-08-16 19:51:27.469409+00:00
477,sensor_4,29.12,2025-08-16 21:51:29.439415+00:00,2025-08-16 19:51:29.459261+00:00
478,sensor_3,25.89,2025-08-16 21:51:31.442250+00:00,2025-08-16 19:51:31.461168+00:00
479,sensor_4,27.36,2025-08-16 21:51:33.445523+00:00,2025-08-16 19:51:33.461105+00:00
480,sensor_0,28.98,2025-08-16 21:51:35.449487+00:00,2025-08-16 19:51:35.511651+00:00
481,sensor_0,22.88,2025-08-16 21:51:37.454560+00:00,2025-08-16 19:51:37.569405+00:00
482,sensor_0,23.08,2025-08-16 21:51:39.465445+00:00,2025-08-16 19:51:39.524126+00:00
483,sensor_0,26.32,2025-08-16 21:51:41.474715+00:00,2025-08-16 19:51:41.516460+00:00
484,sensor_2,26.84,2025-08-16 21:51:43.478958+00:00,2025-08-16 19:51:43.520813+00:00
485,sensor_0,22.05,2025-08-16 21:51:45.483625+00:00,2025-08-16 19:51:45.554743+00:00
486,sensor_0,26.38,2025-08-16 21:51:47.486096+00:00,2025-08-16 19:51:47.675610+00:00
487,sensor_3,20.83,2025-08-16 21:51:49.489915+00:00,2025-08-16 19:51:49.531618+00:00
488,sensor_4,22.01,2025-08-16 21:51:51.493595+00:00,2025-08-16 19:51:51.593856+00:00
489,sensor_0,26.11,2025-08-16 21:51:53.496863+00:00,2025-08-16 19:51:53.528755+00:00
490,sensor_4,20.87,2025-08-16 21:51:55.500901+00:00,2025-08-16 19:51:55.553148+00:00
491,sensor_1,25.68,2025-08-16 21:51:57.507253+00:00,2025-08-16 19:51:57.536861+00:00
492,sensor_4,28.73,2025-08-16 21:51:59.509790+00:00,2025-08-16 19:51:59.531621+00:00
493,sensor_2,22.43,2025-08-16 21:52:01.513726+00:00,2025-08-16 19:52:01.555736+00:00
494,sensor_2,29.31,2025-08-16 21:52:03.515948+00:00,2025-08-16 19:52:03.553492+00:00
495,sensor_2,23.99,2025-08-16 21:52:05.518663+00:00,2025-08-16 19:52:05.538176+00:00
496,sensor_4,20.66,2025-08-16 21:52:07.519999+00:00,2025-08-16 19:52:07.777809+00:00
497,sensor_4,21.68,2025-08-16 21:52:09.525182+00:00,2025-08-16 19:52:09.572641+00:00
498,sensor_3,27.05,2025-08-16 21:52:11.526581+00:00,2025-08-16 19:52:11.593730+00:00
499,sensor_4,24.46,2025-08-16 21:52:13.528718+00:00,2025-08-16 19:52:13.593190+00:00
500,sensor_1,22.72,2025-08-16 21:52:15.533893+00:00,2025-08-16 19:52:15.705781+00:00
501,sensor_4,26.46,2025-08-16 21:52:17.543217+00:00,2025-08-16 19:52:17.596213+00:00
502,sensor_3,26.61,2025-08-16 21:52:19.554684+00:00,2025-08-16 19:52:19.725679+00:00
503,sensor_1,28.61,2025-08-16 21:52:21.568151+00:00,2025-08-16 19:52:21.699830+00:00
504,sensor_3,27.56,2025-08-16 21:52:23.577157+00:00,2025-08-16 19:52:23.622627+00:00
505,sensor_0,27.71,2025-08-16 21:52:25.583928+00:00,2025-08-16 19:52:25.644390+00:00
506,sensor_2,25.82,2025-08-16 21:52:27.586598+00:00,2025-08-16 19:52:27.600887+00:00
507,sensor_4,20.21,2025-08-16 21:52:29.589309+00:00,2025-08-16 19:52:29.613830+00:00
508,sensor_0,28.01,2025-08-16 21:52:31.591270+00:00,2025-08-16 19:52:31.646045+00:00
509,sensor_3,24.39,2025-08-16 21:52:33.594249+00:00,2025-08-16 19:52:33.670533+00:00
510,sensor_2,20.89,2025-08-16 21:52:35.598189+00:00,2025-08-16 19:52:35.634186+00:00
511,sensor_2,25.18,2025-08-16 21:52:37.600863+00:00,2025-08-16 19:52:37.641099+00:00
512,sensor_0,23.51,2025-08-16 21:52:39.604744+00:00,2025-08-16 19:52:39.637332+00:00
513,sensor_0,20.96,2025-08-16 21:52:41.607469+00:00,2025-08-16 19:52:41.623728+00:00
514,sensor_2,22.21,2025-08-16 21:52:43.610717+00:00,2025-08-16 19:52:43.623116+00:00
515,sensor_3,21.13,2025-08-16 21:52:45.613336+00:00,2025-08-16 19:52:45.643444+00:00
516,sensor_0,23.52,2025-08-16 21:52:47.616933+00:00,2025-08-16 19:52:47.631157+00:00
517,sensor_4,28.1,2025-08-16 21:52:49.619393+00:00,2025-08-16 19:52:49.635373+00:00
518,sensor_0,29.23,2025-08-16 21:52:51.622013+00:00,2025-08-16 19:52:51.635655+00:00
519,sensor_2,27.35,2025-08-16 21:52:53.625310+00:00,2025-08-16 19:52:53.656691+00:00
520,sensor_1,29.11,2025-08-16 21:52:55.628008+00:00,2025-08-16 19:52:55.648669+00:00
521,sensor_3,20.18,2025-08-16 21:52:57.631130+00:00,2025-08-16 19:52:57.647534+00:00
522,sensor_1,28.1,2025-08-16 21:52:59.634586+00:00,2025-08-16 19:52:59.647192+00:00
523,sensor_4,20.38,2025-08-16 21:53:01.637725+00:00,2025-08-16 19:53:01.652105+00:00
524,sensor_1,21.4,2025-08-16 21:53:03.641076+00:00,2025-08-16 19:53:03.667500+00:00
525,sensor_2,24.48,2025-08-16 21:53:05.642643+00:00,2025-08-16 19:53:05.667714+00:00
526,sensor_4,24.41,2025-08-16 21:53:07.645562+00:00,2025-08-16 19:53:07.675015+00:00
527,sensor_1,26.57,2025-08-16 21:53:09.648197+00:00,2025-08-16 19:53:09.676146+00:00
528,sensor_1,21.5,2025-08-16 21:53:11.651553+00:00,2025-08-16 19:53:11.667176+00:00
529,sensor_2,24.61,2025-08-17 10:51:31.151459+00:00,2025-08-17 08:51:31.287374+00:00
530,sensor_3,26.9,2025-08-17 10:51:33.258689+00:00,2025-08-17 08:51:33.272283+00:00
531,sensor_4,24.46,2025-08-17 10:51:35.261982+00:00,2025-08-17 08:51:35.311006+00:00
532,sensor_3,21.01,2025-08-17 10:51:37.266818+00:00,2025-08-17 08:51:37.275217+00:00
533,sensor_3,27.95,2025-08-17 10:51:39.270032+00:00,2025-08-17 08:51:39.291140+00:00
534,sensor_1,22.3,2025-08-17 10:51:43.048226+00:00,2025-08-17 08:51:43.069412+00:00
535,sensor_4,27.54,2025-08-17 10:51:45.049862+00:00,2025-08-17 08:51:45.070881+00:00
536,sensor_1,21.78,2025-08-17 10:51:47.052713+00:00,2025-08-17 08:51:47.076063+00:00
537,sensor_3,26.55,2025-08-17 10:51:49.054373+00:00,2025-08-17 08:51:49.072349+00:00
538,sensor_4,24.01,2025-08-17 10:51:51.057047+00:00,2025-08-17 08:51:51.067532+00:00
539,sensor_0,20.11,2025-08-17 10:51:53.060039+00:00,2025-08-17 08:51:53.069174+00:00
540,sensor_0,26.51,2025-08-17 10:51:55.061908+00:00,2025-08-17 08:51:55.081415+00:00
541,sensor_1,20.7,2025-08-17 10:51:57.064842+00:00,2025-08-17 08:51:57.083682+00:00
542,sensor_4,29.5,2025-08-17 10:51:59.066998+00:00,2025-08-17 08:51:59.087481+00:00
543,sensor_1,27.31,2025-08-17 10:52:01.068676+00:00,2025-08-17 08:52:01.076602+00:00
544,sensor_2,28.67,2025-08-17 10:52:03.069559+00:00,2025-08-17 08:52:03.080213+00:00
545,sensor_4,21.21,2025-08-17 10:52:05.071813+00:00,2025-08-17 08:52:05.091258+00:00
546,sensor_4,21.19,2025-08-17 10:52:07.074033+00:00,2025-08-17 08:52:07.083333+00:00
547,sensor_4,23.93,2025-08-17 10:52:09.076933+00:00,2025-08-17 08:52:09.096288+00:00
548,sensor_2,28.84,2025-08-17 10:52:11.079306+00:00,2025-08-17 08:52:11.088128+00:00
549,sensor_0,21.23,2025-08-17 10:52:13.081624+00:00,2025-08-17 08:52:13.091514+00:00
550,sensor_1,27.02,2025-08-17 10:52:16.837108+00:00,2025-08-17 08:52:16.846194+00:00
551,sensor_0,28.59,2025-08-17 10:52:18.839936+00:00,2025-08-17 08:52:18.848478+00:00
552,sensor_4,25.98,2025-08-17 10:52:20.841856+00:00,2025-08-17 08:52:20.849471+00:00
553,sensor_3,22.06,2025-08-17 10:52:22.842981+00:00,2025-08-17 08:52:22.850651+00:00
554,sensor_2,25.56,2025-08-17 10:52:24.843987+00:00,2025-08-17 08:52:24.853112+00:00
555,sensor_2,29.62,2025-08-17 10:52:26.845001+00:00,2025-08-17 08:52:26.863390+00:00
556,sensor_0,29.0,2025-08-17 10:52:28.847006+00:00,2025-08-17 08:52:28.855261+00:00
557,sensor_4,25.38,2025-08-17 10:52:30.848236+00:00,2025-08-17 08:52:30.855718+00:00
558,sensor_3,23.64,2025-08-17 10:52:32.850360+00:00,2025-08-17 08:52:32.858918+00:00
559,sensor_4,29.98,2025-08-17 10:52:34.853006+00:00,2025-08-17 08:52:34.872678+00:00
560,sensor_3,20.05,2025-08-17 10:52:36.855037+00:00,2025-08-17 08:52:36.863731+00:00
561,sensor_4,26.83,2025-08-17 10:52:38.857836+00:00,2025-08-17 08:52:38.867790+00:00
562,sensor_4,20.4,2025-08-17 10:52:40.860599+00:00,2025-08-17 08:52:40.868360+00:00
563,sensor_3,28.87,2025-08-17 10:52:42.863281+00:00,2025-08-17 08:52:42.883508+00:00
564,sensor_2,27.69,2025-08-17 10:52:44.864529+00:00,2025-08-17 08:52:44.882759+00:00
565,sensor_0,20.7,2025-08-17 10:52:46.867892+00:00,2025-08-17 08:52:46.876579+00:00
566,sensor_1,23.52,2025-08-17 10:52:50.666582+00:00,2025-08-17 08:52:50.689544+00:00
567,sensor_2,25.77,2025-08-17 10:52:52.668068+00:00,2025-08-17 08:52:52.676942+00:00
568,sensor_4,23.22,2025-08-17 10:52:54.670340+00:00,2025-08-17 08:52:54.689704+00:00
569,sensor_1,29.42,2025-08-17 10:52:56.672468+00:00,2025-08-17 08:52:56.681308+00:00
570,sensor_0,23.97,2025-08-17 10:52:58.674724+00:00,2025-08-17 08:52:58.684115+00:00
571,sensor_0,24.85,2025-08-17 10:53:00.677631+00:00,2025-08-17 08:53:00.694492+00:00
572,sensor_2,22.19,2025-08-17 10:53:02.680234+00:00,2025-08-17 08:53:02.697472+00:00
573,sensor_2,26.57,2025-08-17 10:53:04.682352+00:00,2025-08-17 08:53:04.703043+00:00
574,sensor_4,25.2,2025-08-17 10:53:06.684805+00:00,2025-08-17 08:53:06.703211+00:00
575,sensor_2,28.42,2025-08-17 10:53:08.685813+00:00,2025-08-17 08:53:08.693392+00:00
576,sensor_3,23.99,2025-08-17 10:53:10.687980+00:00,2025-08-17 08:53:10.696875+00:00
577,sensor_2,26.63,2025-08-17 10:53:12.690485+00:00,2025-08-17 08:53:12.698215+00:00
578,sensor_2,24.04,2025-08-17 10:53:14.692253+00:00,2025-08-17 08:53:14.711621+00:00
579,sensor_0,24.78,2025-08-17 10:53:16.695091+00:00,2025-08-17 08:53:16.715946+00:00
580,sensor_4,24.97,2025-08-17 10:53:18.696197+00:00,2025-08-17 08:53:18.714834+00:00
581,sensor_4,27.95,2025-08-17 10:53:20.699465+00:00,2025-08-17 08:53:20.707874+00:00
582,sensor_1,28.86,2025-08-17 10:53:24.445004+00:00,2025-08-17 08:53:24.454178+00:00
583,sensor_2,23.05,2025-08-17 10:53:26.447244+00:00,2025-08-17 08:53:26.455531+00:00
584,sensor_4,20.67,2025-08-17 10:53:28.449248+00:00,2025-08-17 08:53:28.458335+00:00
585,sensor_0,29.92,2025-08-17 11:01:20.823579+00:00,2025-08-17 09:01:20.942043+00:00
586,sensor_3,29.64,2025-08-17 11:01:22.930276+00:00,2025-08-17 09:01:22.952292+00:00
587,sensor_2,22.95,2025-08-17 11:01:24.932977+00:00,2025-08-17 09:01:24.943848+00:00
588,sensor_0,23.16,2025-08-17 11:01:26.935503+00:00,2025-08-17 09:01:26.943627+00:00
589,sensor_1,28.0,2025-08-17 11:01:28.938199+00:00,2025-08-17 09:01:28.956760+00:00
590,sensor_3,24.5,2025-08-17 11:01:30.940642+00:00,2025-08-17 09:01:30.956344+00:00
591,sensor_1,25.83,2025-08-17 11:01:32.944377+00:00,2025-08-17 09:01:32.970019+00:00
592,sensor_0,24.82,2025-08-17 11:01:34.947110+00:00,2025-08-17 09:01:34.958006+00:00
593,sensor_1,28.42,2025-08-17 11:01:36.949787+00:00,2025-08-17 09:01:36.959580+00:00
594,sensor_3,21.19,2025-08-17 11:01:38.951825+00:00,2025-08-17 09:01:38.970600+00:00
595,sensor_1,25.17,2025-08-17 11:01:40.954178+00:00,2025-08-17 09:01:40.962634+00:00
596,sensor_2,29.28,2025-08-17 11:01:42.955670+00:00,2025-08-17 09:01:42.963495+00:00
597,sensor_1,22.01,2025-08-17 11:01:44.957504+00:00,2025-08-17 09:01:44.966150+00:00
598,sensor_3,29.35,2025-08-17 11:01:46.960173+00:00,2025-08-17 09:01:46.978339+00:00
599,sensor_0,28.99,2025-08-17 11:01:48.962542+00:00,2025-08-17 09:01:48.970556+00:00
600,sensor_2,21.16,2025-08-17 11:01:52.589734+00:00,2025-08-17 09:01:52.600888+00:00
601,sensor_1,21.21,2025-08-17 11:01:54.592152+00:00,2025-08-17 09:01:54.604418+00:00
602,sensor_2,23.99,2025-08-17 11:01:56.594540+00:00,2025-08-17 09:01:56.602595+00:00
603,sensor_1,23.77,2025-08-17 11:01:58.597033+00:00,2025-08-17 09:01:58.606214+00:00
604,sensor_2,28.13,2025-08-17 11:02:00.599576+00:00,2025-08-17 09:02:00.611301+00:00
605,sensor_4,29.28,2025-08-17 11:02:02.601832+00:00,2025-08-17 09:02:02.609857+00:00
606,sensor_0,23.57,2025-08-17 11:02:04.603707+00:00,2025-08-17 09:02:04.616769+00:00
607,sensor_2,20.67,2025-08-17 11:02:06.606355+00:00,2025-08-17 09:02:06.617924+00:00
608,sensor_2,28.57,2025-08-17 11:02:08.608933+00:00,2025-08-17 09:02:08.618779+00:00
609,sensor_4,29.18,2025-08-17 11:02:10.611829+00:00,2025-08-17 09:02:10.621061+00:00
610,sensor_3,25.38,2025-08-17 11:02:12.612274+00:00,2025-08-17 09:02:12.631145+00:00
611,sensor_2,29.03,2025-08-17 11:02:14.614140+00:00,2025-08-17 09:02:14.623507+00:00
612,sensor_4,25.6,2025-08-17 11:02:16.616493+00:00,2025-08-17 09:02:16.624626+00:00
613,sensor_1,24.6,2025-08-17 11:02:18.618837+00:00,2025-08-17 09:02:18.628658+00:00
614,sensor_1,27.03,2025-08-17 11:02:20.621042+00:00,2025-08-17 09:02:20.632008+00:00
615,sensor_3,20.93,2025-08-17 11:02:22.622829+00:00,2025-08-17 09:02:22.631837+00:00
616,sensor_3,23.38,2025-08-17 11:02:26.255960+00:00,2025-08-17 09:02:26.265370+00:00
617,sensor_4,20.05,2025-08-17 11:02:28.257798+00:00,2025-08-17 09:02:28.265914+00:00
618,sensor_0,25.44,2025-08-17 11:02:30.260754+00:00,2025-08-17 09:02:30.275959+00:00
619,sensor_3,26.05,2025-08-17 11:02:32.262955+00:00,2025-08-17 09:02:32.273035+00:00
620,sensor_1,29.54,2025-08-17 11:02:34.264795+00:00,2025-08-17 09:02:34.277617+00:00
621,sensor_1,21.22,2025-08-17 11:02:36.266918+00:00,2025-08-17 09:02:36.285238+00:00
622,sensor_4,27.65,2025-08-17 11:02:38.269199+00:00,2025-08-17 09:02:38.278188+00:00
623,sensor_4,27.88,2025-08-17 11:02:40.270744+00:00,2025-08-17 09:02:40.291011+00:00
624,sensor_0,29.21,2025-08-17 11:02:42.273509+00:00,2025-08-17 09:02:42.293206+00:00
625,sensor_2,24.67,2025-08-17 11:02:44.276099+00:00,2025-08-17 09:02:44.292776+00:00
626,sensor_1,22.5,2025-08-17 11:02:46.279082+00:00,2025-08-17 09:02:46.298913+00:00
627,sensor_4,29.19,2025-08-17 11:02:48.279480+00:00,2025-08-17 09:02:48.288930+00:00
628,sensor_4,26.42,2025-08-17 11:02:50.279854+00:00,2025-08-17 09:02:50.287791+00:00
629,sensor_1,25.97,2025-08-17 11:02:52.280243+00:00,2025-08-17 09:02:52.291081+00:00
630,sensor_2,24.69,2025-08-17 11:02:54.281160+00:00,2025-08-17 09:02:54.301036+00:00
631,sensor_0,29.78,2025-08-17 11:02:56.283601+00:00,2025-08-17 09:02:56.296510+00:00
632,sensor_1,24.63,2025-08-17 11:02:59.919994+00:00,2025-08-17 09:02:59.938349+00:00
633,sensor_2,25.1,2025-08-17 11:03:01.921941+00:00,2025-08-17 09:03:01.939381+00:00
634,sensor_2,27.47,2025-08-17 11:03:03.924850+00:00,2025-08-17 09:03:03.948492+00:00
635,sensor_1,22.08,2025-08-17 11:03:05.926762+00:00,2025-08-17 09:03:05.945640+00:00
636,sensor_1,23.62,2025-08-17 11:03:07.929931+00:00,2025-08-17 09:03:07.939835+00:00
637,sensor_1,25.72,2025-08-17 11:03:09.932972+00:00,2025-08-17 09:03:09.950112+00:00
638,sensor_2,28.12,2025-08-17 11:03:11.937589+00:00,2025-08-17 09:03:11.967601+00:00
639,sensor_4,22.08,2025-08-17 11:03:13.940890+00:00,2025-08-17 09:03:13.962428+00:00
640,sensor_2,24.06,2025-08-17 11:03:15.942737+00:00,2025-08-17 09:03:15.971533+00:00
641,sensor_4,21.07,2025-08-17 11:03:17.947855+00:00,2025-08-17 09:03:17.968049+00:00
642,sensor_4,25.69,2025-08-17 11:03:19.950847+00:00,2025-08-17 09:03:19.974247+00:00
643,sensor_3,22.61,2025-08-17 11:03:21.954042+00:00,2025-08-17 09:03:21.981186+00:00
644,sensor_4,22.54,2025-08-17 11:03:23.956666+00:00,2025-08-17 09:03:23.980579+00:00
645,sensor_2,21.15,2025-08-17 11:03:25.958818+00:00,2025-08-17 09:03:25.973977+00:00
646,sensor_2,25.53,2025-08-17 11:03:27.960695+00:00,2025-08-17 09:03:27.980909+00:00
647,sensor_1,23.17,2025-08-17 11:03:29.962491+00:00,2025-08-17 09:03:29.970432+00:00
648,sensor_2,22.5,2025-08-17 11:03:31.965090+00:00,2025-08-17 09:03:31.984072+00:00
649,sensor_1,29.58,2025-08-17 11:03:35.602071+00:00,2025-08-17 09:03:35.610039+00:00
650,sensor_0,25.22,2025-08-17 11:03:37.604468+00:00,2025-08-17 09:03:37.613430+00:00
651,sensor_0,26.2,2025-08-17 11:03:39.606902+00:00,2025-08-17 09:03:39.615328+00:00
652,sensor_4,26.27,2025-08-17 11:03:41.609134+00:00,2025-08-17 09:03:41.617558+00:00
653,sensor_4,26.4,2025-08-17 11:03:43.611250+00:00,2025-08-17 09:03:43.631414+00:00
654,sensor_2,21.53,2025-08-17 11:03:45.613394+00:00,2025-08-17 09:03:45.621546+00:00
655,sensor_2,24.01,2025-08-17 11:03:47.616104+00:00,2025-08-17 09:03:47.637959+00:00
656,sensor_2,20.57,2025-08-17 11:03:49.618643+00:00,2025-08-17 09:03:49.628079+00:00
657,sensor_0,25.33,2025-08-17 11:03:51.619092+00:00,2025-08-17 09:03:51.637825+00:00
658,sensor_0,29.57,2025-08-17 11:03:53.621805+00:00,2025-08-17 09:03:53.630257+00:00
659,sensor_2,25.57,2025-08-17 11:03:55.624111+00:00,2025-08-17 09:03:55.637895+00:00
660,sensor_0,23.33,2025-08-17 11:03:57.625411+00:00,2025-08-17 09:03:57.638769+00:00
661,sensor_3,26.24,2025-08-17 11:03:59.626611+00:00,2025-08-17 09:03:59.635916+00:00
662,sensor_3,27.3,2025-08-17 11:04:01.627593+00:00,2025-08-17 09:04:01.636694+00:00
663,sensor_3,21.64,2025-08-17 11:04:03.629779+00:00,2025-08-17 09:04:03.648025+00:00
664,sensor_2,22.53,2025-08-17 11:04:05.632115+00:00,2025-08-17 09:04:05.652028+00:00
665,sensor_0,28.76,2025-08-17 11:04:09.297474+00:00,2025-08-17 09:04:09.307022+00:00
666,sensor_4,25.05,2025-08-17 11:04:11.299774+00:00,2025-08-17 09:04:11.319459+00:00
667,sensor_2,23.71,2025-08-17 11:04:13.302026+00:00,2025-08-17 09:04:13.322603+00:00
668,sensor_2,25.65,2025-08-17 11:04:15.304782+00:00,2025-08-17 09:04:15.314414+00:00
669,sensor_4,26.71,2025-08-17 11:04:17.307344+00:00,2025-08-17 09:04:17.325960+00:00
670,sensor_1,28.76,2025-08-17 11:04:19.308920+00:00,2025-08-17 09:04:19.327352+00:00
671,sensor_1,23.87,2025-08-17 11:04:21.310938+00:00,2025-08-17 09:04:21.318511+00:00
672,sensor_1,25.65,2025-08-17 11:04:23.313088+00:00,2025-08-17 09:04:23.321909+00:00
673,sensor_0,24.48,2025-08-17 11:04:25.315906+00:00,2025-08-17 09:04:25.323204+00:00
674,sensor_1,26.91,2025-08-17 11:04:27.318226+00:00,2025-08-17 09:04:27.327403+00:00
675,sensor_1,24.51,2025-08-17 11:04:29.319607+00:00,2025-08-17 09:04:29.328278+00:00
676,sensor_0,20.29,2025-08-17 11:04:31.321261+00:00,2025-08-17 09:04:31.328475+00:00
677,sensor_3,21.23,2025-08-17 11:04:33.322880+00:00,2025-08-17 09:04:33.341645+00:00
678,sensor_1,28.63,2025-08-17 11:11:21.950991+00:00,2025-08-17 09:11:22.074942+00:00
679,sensor_4,21.24,2025-08-17 11:11:24.057003+00:00,2025-08-17 09:11:24.065185+00:00
680,sensor_2,27.7,2025-08-17 11:11:26.058517+00:00,2025-08-17 09:11:26.067754+00:00
681,sensor_0,22.32,2025-08-17 11:11:28.060409+00:00,2025-08-17 09:11:28.078300+00:00
682,sensor_3,27.95,2025-08-17 11:11:31.995345+00:00,2025-08-17 09:11:32.005473+00:00
683,sensor_1,26.55,2025-08-17 11:11:33.998254+00:00,2025-08-17 09:11:34.005491+00:00
684,sensor_1,20.32,2025-08-17 11:11:36.000711+00:00,2025-08-17 09:11:36.019357+00:00
685,sensor_0,26.07,2025-08-17 11:11:38.002109+00:00,2025-08-17 09:11:38.010210+00:00
686,sensor_3,26.81,2025-08-17 11:11:40.004053+00:00,2025-08-17 09:11:40.026073+00:00
687,sensor_1,26.5,2025-08-17 11:11:42.006441+00:00,2025-08-17 09:11:42.025291+00:00
688,sensor_4,29.96,2025-08-17 11:11:44.009064+00:00,2025-08-17 09:11:44.027094+00:00
689,sensor_2,23.85,2025-08-17 11:11:46.011685+00:00,2025-08-17 09:11:46.030267+00:00
690,sensor_0,22.98,2025-08-17 11:11:48.014456+00:00,2025-08-17 09:11:48.022225+00:00
691,sensor_3,20.34,2025-08-17 11:11:50.017161+00:00,2025-08-17 09:11:50.035782+00:00
692,sensor_2,24.62,2025-08-17 11:11:52.019825+00:00,2025-08-17 09:11:52.038107+00:00
693,sensor_4,29.8,2025-08-17 11:11:54.022584+00:00,2025-08-17 09:11:54.041107+00:00
694,sensor_2,25.83,2025-08-17 11:11:56.023996+00:00,2025-08-17 09:11:56.043005+00:00
695,sensor_3,24.41,2025-08-17 11:11:58.026608+00:00,2025-08-17 09:11:58.041047+00:00
696,sensor_4,22.25,2025-08-17 11:12:00.027987+00:00,2025-08-17 09:12:00.046099+00:00
697,sensor_3,27.09,2025-08-17 11:12:02.030746+00:00,2025-08-17 09:12:02.041078+00:00
698,sensor_3,29.91,2025-08-17 11:12:05.968648+00:00,2025-08-17 09:12:05.979567+00:00
699,sensor_0,27.62,2025-08-17 11:12:07.971546+00:00,2025-08-17 09:12:07.983721+00:00
700,sensor_1,27.35,2025-08-17 11:12:09.974222+00:00,2025-08-17 09:12:10.004591+00:00
701,sensor_0,24.2,2025-08-17 11:12:11.976675+00:00,2025-08-17 09:12:11.995538+00:00
702,sensor_0,27.85,2025-08-17 11:12:13.979574+00:00,2025-08-17 09:12:14.007885+00:00
703,sensor_0,26.67,2025-08-17 11:12:15.982974+00:00,2025-08-17 09:12:16.021382+00:00
704,sensor_2,28.67,2025-08-17 11:12:17.986610+00:00,2025-08-17 09:12:18.010361+00:00
705,sensor_2,28.0,2025-08-17 11:12:19.988632+00:00,2025-08-17 09:12:20.007707+00:00
706,sensor_3,25.07,2025-08-17 11:12:21.990563+00:00,2025-08-17 09:12:22.013568+00:00
707,sensor_0,26.64,2025-08-17 11:12:23.992944+00:00,2025-08-17 09:12:24.014696+00:00
708,sensor_2,25.39,2025-08-17 11:12:25.996637+00:00,2025-08-17 09:12:26.036387+00:00
709,sensor_3,28.54,2025-08-17 11:12:27.999972+00:00,2025-08-17 09:12:28.018607+00:00
710,sensor_3,23.0,2025-08-17 11:12:30.001672+00:00,2025-08-17 09:12:30.010497+00:00
711,sensor_4,28.89,2025-08-17 11:12:32.003988+00:00,2025-08-17 09:12:32.034047+00:00
712,sensor_1,23.75,2025-08-17 11:12:34.006841+00:00,2025-08-17 09:12:34.019692+00:00
713,sensor_2,24.9,2025-08-17 11:12:36.009519+00:00,2025-08-17 09:12:36.029192+00:00
714,sensor_4,22.73,2025-08-17 11:12:39.875038+00:00,2025-08-17 09:12:39.896109+00:00
715,sensor_0,25.94,2025-08-17 11:12:41.876902+00:00,2025-08-17 09:12:41.885484+00:00
716,sensor_2,27.5,2025-08-17 11:12:43.879293+00:00,2025-08-17 09:12:43.892030+00:00
717,sensor_3,22.96,2025-08-17 11:12:45.881427+00:00,2025-08-17 09:12:45.901935+00:00
718,sensor_4,24.92,2025-08-17 11:12:47.883992+00:00,2025-08-17 09:12:47.891756+00:00
719,sensor_0,20.67,2025-08-17 11:12:49.886927+00:00,2025-08-17 09:12:49.916450+00:00
720,sensor_4,28.84,2025-08-17 11:12:51.890476+00:00,2025-08-17 09:12:51.898066+00:00
721,sensor_0,22.92,2025-08-17 11:12:53.893024+00:00,2025-08-17 09:12:53.910498+00:00
722,sensor_0,23.2,2025-08-17 11:12:55.895175+00:00,2025-08-17 09:12:55.913851+00:00
723,sensor_1,29.39,2025-08-17 11:12:57.897222+00:00,2025-08-17 09:12:57.904266+00:00
724,sensor_2,22.55,2025-08-17 11:12:59.899106+00:00,2025-08-17 09:12:59.907634+00:00
725,sensor_3,23.38,2025-08-17 11:13:01.899598+00:00,2025-08-17 09:13:01.910567+00:00
726,sensor_3,25.75,2025-08-17 11:13:03.901111+00:00,2025-08-17 09:13:03.908340+00:00
727,sensor_3,24.79,2025-08-17 11:13:05.903302+00:00,2025-08-17 09:13:05.911872+00:00
728,sensor_2,23.1,2025-08-17 11:13:07.905696+00:00,2025-08-17 09:13:07.913649+00:00
729,sensor_3,26.16,2025-08-17 11:13:09.907968+00:00,2025-08-17 09:13:09.928512+00:00
730,sensor_3,22.52,2025-08-17 11:13:13.773122+00:00,2025-08-17 09:13:13.782325+00:00
731,sensor_3,25.37,2025-08-17 11:13:15.774655+00:00,2025-08-17 09:13:15.782908+00:00
732,sensor_2,24.19,2025-08-17 11:13:17.776231+00:00,2025-08-17 09:13:17.784091+00:00
733,sensor_0,26.0,2025-08-17 11:13:19.778026+00:00,2025-08-17 09:13:19.796127+00:00
734,sensor_4,27.86,2025-08-17 11:13:21.780696+00:00,2025-08-17 09:13:21.789812+00:00
735,sensor_3,28.89,2025-08-17 11:13:23.781320+00:00,2025-08-17 09:13:23.789114+00:00
736,sensor_2,26.77,2025-08-17 11:13:25.783810+00:00,2025-08-17 09:13:25.802710+00:00
737,sensor_2,23.75,2025-08-17 11:13:27.786168+00:00,2025-08-17 09:13:27.793756+00:00
738,sensor_0,22.24,2025-08-17 11:13:29.788865+00:00,2025-08-17 09:13:29.807004+00:00
739,sensor_3,23.54,2025-08-17 11:13:31.790780+00:00,2025-08-17 09:13:31.799800+00:00
740,sensor_4,26.64,2025-08-17 11:13:33.793652+00:00,2025-08-17 09:13:33.801002+00:00
741,sensor_2,28.16,2025-08-17 11:13:35.794198+00:00,2025-08-17 09:13:35.812108+00:00
742,sensor_4,24.16,2025-08-17 11:13:37.796877+00:00,2025-08-17 09:13:37.804962+00:00
743,sensor_1,25.97,2025-08-17 11:13:39.798223+00:00,2025-08-17 09:13:39.824059+00:00
744,sensor_0,27.85,2025-08-17 11:13:41.800675+00:00,2025-08-17 09:13:41.818976+00:00
745,sensor_1,27.34,2025-08-17 11:13:43.802184+00:00,2025-08-17 09:13:43.811395+00:00
746,sensor_2,28.63,2025-08-17 11:13:47.584950+00:00,2025-08-17 09:13:47.597196+00:00
747,sensor_2,20.67,2025-08-17 11:13:49.586230+00:00,2025-08-17 09:13:49.595164+00:00
748,sensor_2,27.46,2025-08-17 11:13:51.588850+00:00,2025-08-17 09:13:51.607944+00:00
749,sensor_3,28.09,2025-08-17 11:13:53.590195+00:00,2025-08-17 09:13:53.599620+00:00
750,sensor_0,28.16,2025-08-17 11:13:55.592408+00:00,2025-08-17 09:13:55.599357+00:00
751,sensor_4,29.68,2025-08-17 11:13:57.594313+00:00,2025-08-17 09:13:57.604403+00:00
752,sensor_2,25.06,2025-08-17 11:13:59.597114+00:00,2025-08-17 09:13:59.604563+00:00
753,sensor_0,29.75,2025-08-17 11:14:01.599929+00:00,2025-08-17 09:14:01.608727+00:00
754,sensor_4,27.16,2025-08-17 11:14:03.602214+00:00,2025-08-17 09:14:03.621123+00:00
755,sensor_4,20.48,2025-08-17 11:14:05.604279+00:00,2025-08-17 09:14:05.612288+00:00
756,sensor_3,24.95,2025-08-17 11:14:07.605859+00:00,2025-08-17 09:14:07.616342+00:00
757,sensor_4,27.07,2025-08-17 11:14:09.608924+00:00,2025-08-17 09:14:09.618769+00:00
758,sensor_3,21.35,2025-08-17 11:14:11.610556+00:00,2025-08-17 09:14:11.618512+00:00
759,sensor_2,27.85,2025-08-17 11:14:13.612975+00:00,2025-08-17 09:14:13.620243+00:00
760,sensor_1,29.06,2025-08-17 11:14:15.614234+00:00,2025-08-17 09:14:15.623317+00:00
761,sensor_0,27.35,2025-08-17 11:14:17.616387+00:00,2025-08-17 09:14:17.623441+00:00
762,sensor_1,22.32,2025-08-17 11:14:21.443379+00:00,2025-08-17 09:14:21.450062+00:00
763,sensor_4,22.45,2025-08-17 11:14:23.446050+00:00,2025-08-17 09:14:23.452738+00:00
764,sensor_3,24.31,2025-08-17 11:14:25.446957+00:00,2025-08-17 09:14:25.465806+00:00
765,sensor_3,28.72,2025-08-17 11:14:27.449650+00:00,2025-08-17 09:14:27.457310+00:00
766,sensor_4,24.01,2025-08-17 11:14:29.451796+00:00,2025-08-17 09:14:29.460753+00:00
767,sensor_0,27.28,2025-08-17 11:14:31.452826+00:00,2025-08-17 09:14:31.461178+00:00
768,sensor_3,26.48,2025-08-17 11:14:33.453891+00:00,2025-08-17 09:14:33.460419+00:00
769,sensor_1,23.67,2025-08-17 11:14:35.456439+00:00,2025-08-17 09:14:35.464143+00:00
770,sensor_1,20.14,2025-08-17 11:14:37.459065+00:00,2025-08-17 09:14:37.467241+00:00
771,sensor_2,26.63,2025-08-17 11:14:39.460152+00:00,2025-08-17 09:14:39.478441+00:00
772,sensor_4,26.35,2025-08-17 11:14:41.462536+00:00,2025-08-17 09:14:41.472092+00:00
773,sensor_2,22.25,2025-08-17 11:14:43.464924+00:00,2025-08-17 09:14:43.472988+00:00
774,sensor_3,23.33,2025-08-17 11:14:45.466677+00:00,2025-08-17 09:14:45.486639+00:00
775,sensor_0,20.84,2025-08-17 11:14:47.468530+00:00,2025-08-17 09:14:47.487469+00:00
776,sensor_4,23.37,2025-08-17 11:14:49.470677+00:00,2025-08-17 09:14:49.489026+00:00
777,sensor_2,23.02,2025-08-17 11:14:51.472937+00:00,2025-08-17 09:14:51.481917+00:00
778,sensor_2,27.14,2025-08-17 11:14:55.256446+00:00,2025-08-17 09:14:55.274659+00:00
779,sensor_2,25.95,2025-08-17 11:14:57.258810+00:00,2025-08-17 09:14:57.266912+00:00
780,sensor_1,24.44,2025-08-17 11:14:59.260996+00:00,2025-08-17 09:14:59.270872+00:00
781,sensor_4,29.37,2025-08-17 11:15:01.263608+00:00,2025-08-17 09:15:01.272736+00:00
782,sensor_0,23.08,2025-08-17 11:15:03.266396+00:00,2025-08-17 09:15:03.274886+00:00
783,sensor_1,23.58,2025-08-17 11:15:05.267621+00:00,2025-08-17 09:15:05.278002+00:00
784,sensor_4,28.16,2025-08-17 11:15:07.270459+00:00,2025-08-17 09:15:07.290027+00:00
785,sensor_4,28.13,2025-08-17 11:15:09.271624+00:00,2025-08-17 09:15:09.292202+00:00
786,sensor_1,24.64,2025-08-17 11:15:11.274849+00:00,2025-08-17 09:15:11.301812+00:00
787,sensor_2,25.8,2025-08-17 11:15:13.275617+00:00,2025-08-17 09:15:13.308688+00:00
788,sensor_0,27.58,2025-08-17 11:15:15.278191+00:00,2025-08-17 09:15:15.301900+00:00
789,sensor_1,21.21,2025-08-17 11:15:17.280140+00:00,2025-08-17 09:15:17.298849+00:00
790,sensor_1,21.69,2025-08-17 11:15:19.282374+00:00,2025-08-17 09:15:19.299364+00:00
791,sensor_2,24.92,2025-08-17 11:15:21.285622+00:00,2025-08-17 09:15:21.308104+00:00
792,sensor_1,29.03,2025-08-17 11:15:23.287605+00:00,2025-08-17 09:15:23.305825+00:00
793,sensor_3,28.88,2025-08-17 11:15:25.292203+00:00,2025-08-17 09:15:25.323500+00:00
794,sensor_1,25.97,2025-08-17 11:15:29.103739+00:00,2025-08-17 09:15:29.124640+00:00
795,sensor_3,22.91,2025-08-17 11:15:31.106801+00:00,2025-08-17 09:15:31.114042+00:00
796,sensor_4,23.15,2025-08-17 11:15:33.109434+00:00,2025-08-17 09:15:33.129896+00:00
797,sensor_2,23.78,2025-08-17 11:15:35.112148+00:00,2025-08-17 09:15:35.132405+00:00
798,sensor_1,26.3,2025-08-17 11:15:37.114594+00:00,2025-08-17 09:15:37.133127+00:00
799,sensor_0,26.87,2025-08-17 11:15:39.116759+00:00,2025-08-17 09:15:39.136797+00:00
800,sensor_3,25.9,2025-08-17 11:15:41.119324+00:00,2025-08-17 09:15:41.126703+00:00
801,sensor_3,22.68,2025-08-17 11:15:43.121910+00:00,2025-08-17 09:15:43.140236+00:00
802,sensor_1,20.95,2025-08-17 11:15:45.122434+00:00,2025-08-17 09:15:45.140801+00:00
803,sensor_2,21.44,2025-08-17 11:15:47.124630+00:00,2025-08-17 09:15:47.143281+00:00
804,sensor_1,24.89,2025-08-17 11:15:49.126587+00:00,2025-08-17 09:15:49.134750+00:00
805,sensor_3,29.81,2025-08-17 11:15:51.129335+00:00,2025-08-17 09:15:51.137928+00:00
806,sensor_4,21.34,2025-08-17 11:15:53.132351+00:00,2025-08-17 09:15:53.139716+00:00
807,sensor_1,20.58,2025-08-17 11:15:55.134435+00:00,2025-08-17 09:15:55.152558+00:00
808,sensor_2,29.45,2025-08-17 11:15:57.136126+00:00,2025-08-17 09:15:57.144106+00:00
809,sensor_4,21.81,2025-08-17 11:15:59.138243+00:00,2025-08-17 09:15:59.145897+00:00
810,sensor_1,20.82,2025-08-17 11:16:01.140285+00:00,2025-08-17 09:16:01.147273+00:00
811,sensor_3,25.73,2025-08-17 11:16:04.927168+00:00,2025-08-17 09:16:04.935334+00:00
812,sensor_2,29.07,2025-08-17 11:16:06.928769+00:00,2025-08-17 09:16:06.947380+00:00
813,sensor_4,23.43,2025-08-17 11:16:08.930357+00:00,2025-08-17 09:16:08.937647+00:00
814,sensor_3,27.25,2025-08-17 11:16:10.932259+00:00,2025-08-17 09:16:10.945466+00:00
815,sensor_0,29.57,2025-08-17 11:16:12.933918+00:00,2025-08-17 09:16:12.941277+00:00
816,sensor_2,24.04,2025-08-17 11:16:14.936219+00:00,2025-08-17 09:16:14.946849+00:00
817,sensor_2,27.17,2025-08-17 11:16:16.938624+00:00,2025-08-17 09:16:16.946991+00:00
818,sensor_0,22.81,2025-08-17 11:16:18.941318+00:00,2025-08-17 09:16:18.951990+00:00
819,sensor_3,29.69,2025-08-17 11:16:20.942985+00:00,2025-08-17 09:16:20.950928+00:00
820,sensor_1,22.19,2025-08-17 11:16:22.945633+00:00,2025-08-17 09:16:22.953908+00:00
821,sensor_0,25.96,2025-08-17 11:16:24.948351+00:00,2025-08-17 09:16:24.966955+00:00
822,sensor_4,21.47,2025-08-17 11:16:26.950903+00:00,2025-08-17 09:16:26.958768+00:00
823,sensor_2,29.62,2025-08-17 11:16:28.953364+00:00,2025-08-17 09:16:28.965026+00:00
824,sensor_3,26.47,2025-08-17 11:16:30.955615+00:00,2025-08-17 09:16:30.979962+00:00
825,sensor_4,24.14,2025-08-17 11:16:32.957516+00:00,2025-08-17 09:16:32.975532+00:00
826,sensor_3,29.77,2025-08-17 11:16:34.959227+00:00,2025-08-17 09:16:34.980604+00:00
827,sensor_1,22.84,2025-08-17 11:16:38.759307+00:00,2025-08-17 09:16:38.768208+00:00
828,sensor_1,22.62,2025-08-17 11:16:40.761999+00:00,2025-08-17 09:16:40.771531+00:00
829,sensor_3,20.89,2025-08-17 11:16:42.764927+00:00,2025-08-17 09:16:42.783872+00:00
830,sensor_3,29.1,2025-08-17 11:16:44.767302+00:00,2025-08-17 09:16:44.774385+00:00
831,sensor_1,28.01,2025-08-17 11:16:46.769294+00:00,2025-08-17 09:16:46.788066+00:00
832,sensor_1,21.08,2025-08-17 11:16:48.770478+00:00,2025-08-17 09:16:48.789467+00:00
833,sensor_1,27.0,2025-08-17 11:16:50.773241+00:00,2025-08-17 09:16:50.781854+00:00
834,sensor_2,27.65,2025-08-17 11:16:52.775017+00:00,2025-08-17 09:16:52.793574+00:00
835,sensor_4,28.36,2025-08-17 11:16:54.777657+00:00,2025-08-17 09:16:54.808700+00:00
836,sensor_4,26.03,2025-08-17 11:16:56.781086+00:00,2025-08-17 09:16:56.789948+00:00
837,sensor_2,29.54,2025-08-17 11:16:58.782456+00:00,2025-08-17 09:16:58.791235+00:00
838,sensor_3,26.78,2025-08-17 11:17:00.785315+00:00,2025-08-17 09:17:00.803858+00:00
839,sensor_4,29.41,2025-08-17 11:17:02.786950+00:00,2025-08-17 09:17:02.805173+00:00
840,sensor_0,20.24,2025-08-17 11:17:04.788090+00:00,2025-08-17 09:17:04.796063+00:00
841,sensor_0,29.45,2025-08-17 11:17:06.790786+00:00,2025-08-17 09:17:06.810712+00:00
842,sensor_1,28.37,2025-08-17 11:17:08.793341+00:00,2025-08-17 09:17:08.813704+00:00
843,sensor_4,25.48,2025-08-17 11:17:12.598192+00:00,2025-08-17 09:17:12.607439+00:00
844,sensor_0,25.86,2025-08-17 11:17:14.600789+00:00,2025-08-17 09:17:14.610413+00:00
845,sensor_2,24.98,2025-08-17 11:17:16.603200+00:00,2025-08-17 09:17:16.621681+00:00
846,sensor_0,23.95,2025-08-17 11:17:18.605987+00:00,2025-08-17 09:17:18.630722+00:00
847,sensor_1,22.99,2025-08-17 11:17:20.607695+00:00,2025-08-17 09:17:20.626220+00:00
848,sensor_4,22.1,2025-08-17 11:17:22.609220+00:00,2025-08-17 09:17:22.616435+00:00
849,sensor_4,20.4,2025-08-17 11:17:24.611416+00:00,2025-08-17 09:17:24.619087+00:00
850,sensor_1,23.07,2025-08-17 11:17:26.613062+00:00,2025-08-17 09:17:26.630745+00:00
851,sensor_4,24.68,2025-08-17 11:17:28.615751+00:00,2025-08-17 09:17:28.633217+00:00
852,sensor_3,22.94,2025-08-17 11:17:30.617254+00:00,2025-08-17 09:17:30.636522+00:00
853,sensor_1,27.76,2025-08-17 11:17:32.619378+00:00,2025-08-17 09:17:32.644694+00:00
854,sensor_4,29.92,2025-08-17 11:17:34.621252+00:00,2025-08-17 09:17:34.639018+00:00
855,sensor_3,26.3,2025-08-17 11:17:36.623857+00:00,2025-08-17 09:17:36.632882+00:00
856,sensor_4,27.33,2025-08-17 11:17:38.626478+00:00,2025-08-17 09:17:38.644929+00:00
857,sensor_1,23.64,2025-08-17 11:17:40.629124+00:00,2025-08-17 09:17:40.643957+00:00
858,sensor_3,27.2,2025-08-17 11:17:42.631334+00:00,2025-08-17 09:17:42.639044+00:00
859,sensor_2,29.79,2025-08-17 11:17:46.427141+00:00,2025-08-17 09:17:46.434418+00:00
860,sensor_4,24.5,2025-08-17 11:17:48.428885+00:00,2025-08-17 09:17:48.436501+00:00
861,sensor_3,28.58,2025-08-17 11:17:50.431020+00:00,2025-08-17 09:17:50.451573+00:00
862,sensor_0,20.03,2025-08-17 11:17:52.433596+00:00,2025-08-17 09:17:52.452117+00:00
863,sensor_1,22.47,2025-08-17 11:17:54.436221+00:00,2025-08-17 09:17:54.443818+00:00
864,sensor_4,24.02,2025-08-17 11:17:56.438814+00:00,2025-08-17 09:17:56.447046+00:00
865,sensor_2,27.74,2025-08-17 11:17:58.440963+00:00,2025-08-17 09:17:58.448237+00:00
866,sensor_0,29.88,2025-08-17 11:18:00.443220+00:00,2025-08-17 09:18:00.452542+00:00
867,sensor_4,28.08,2025-08-17 11:18:02.445668+00:00,2025-08-17 09:18:02.457838+00:00
868,sensor_4,28.97,2025-08-17 11:18:04.447476+00:00,2025-08-17 09:18:04.459607+00:00
869,sensor_3,20.71,2025-08-17 11:18:06.450626+00:00,2025-08-17 09:18:06.458750+00:00
870,sensor_0,28.37,2025-08-17 11:18:08.453185+00:00,2025-08-17 09:18:08.464641+00:00
871,sensor_3,20.19,2025-08-17 11:18:10.455595+00:00,2025-08-17 09:18:10.476831+00:00
872,sensor_1,28.56,2025-08-17 11:18:12.457957+00:00,2025-08-17 09:18:12.477124+00:00
873,sensor_4,21.11,2025-08-17 11:18:14.461689+00:00,2025-08-17 09:18:14.494543+00:00
874,sensor_0,28.02,2025-08-17 11:18:16.464589+00:00,2025-08-17 09:18:16.504160+00:00
875,sensor_0,28.52,2025-08-17 11:18:20.269169+00:00,2025-08-17 09:18:20.285203+00:00
876,sensor_0,24.53,2025-08-17 11:18:22.271835+00:00,2025-08-17 09:18:22.307273+00:00
877,sensor_0,26.18,2025-08-17 11:18:24.274661+00:00,2025-08-17 09:18:24.288892+00:00
878,sensor_4,29.48,2025-08-17 11:18:26.277839+00:00,2025-08-17 09:18:26.306239+00:00
879,sensor_2,26.05,2025-08-17 11:18:28.278903+00:00,2025-08-17 09:18:28.293599+00:00
880,sensor_1,23.64,2025-08-17 11:18:30.281250+00:00,2025-08-17 09:18:30.310105+00:00
881,sensor_4,29.15,2025-08-17 11:18:32.284285+00:00,2025-08-17 09:18:32.292994+00:00
882,sensor_2,26.95,2025-08-17 11:18:34.286374+00:00,2025-08-17 09:18:34.295807+00:00
883,sensor_0,28.76,2025-08-17 11:18:36.288718+00:00,2025-08-17 09:18:36.308207+00:00
884,sensor_4,24.31,2025-08-17 11:18:38.290847+00:00,2025-08-17 09:18:38.316528+00:00
885,sensor_2,29.4,2025-08-17 11:18:40.292060+00:00,2025-08-17 09:18:40.311470+00:00
886,sensor_2,26.05,2025-08-17 11:18:42.294472+00:00,2025-08-17 09:18:42.303959+00:00
887,sensor_3,25.98,2025-08-17 11:18:44.297104+00:00,2025-08-17 09:18:44.306869+00:00
888,sensor_3,28.07,2025-08-17 11:18:46.298891+00:00,2025-08-17 09:18:46.306714+00:00
889,sensor_3,20.53,2025-08-17 11:18:48.300992+00:00,2025-08-17 09:18:48.319882+00:00
890,sensor_2,22.06,2025-08-17 11:18:50.302889+00:00,2025-08-17 09:18:50.310845+00:00
891,sensor_1,28.25,2025-08-17 11:18:54.085800+00:00,2025-08-17 09:18:54.103754+00:00
892,sensor_2,25.01,2025-08-17 11:18:56.088572+00:00,2025-08-17 09:18:56.108159+00:00
893,sensor_2,21.8,2025-08-17 11:18:58.091597+00:00,2025-08-17 09:18:58.109712+00:00
894,sensor_0,26.96,2025-08-17 11:19:00.094055+00:00,2025-08-17 09:19:00.112193+00:00
895,sensor_4,25.26,2025-08-17 11:19:02.094865+00:00,2025-08-17 09:19:02.121863+00:00
896,sensor_4,27.89,2025-08-17 11:19:04.099806+00:00,2025-08-17 09:19:04.118188+00:00
897,sensor_3,23.24,2025-08-17 11:19:06.101932+00:00,2025-08-17 09:19:06.109404+00:00
898,sensor_2,26.47,2025-08-17 11:19:08.104732+00:00,2025-08-17 09:19:08.122710+00:00
899,sensor_3,23.03,2025-08-17 11:19:10.107709+00:00,2025-08-17 09:19:10.121304+00:00
900,sensor_3,21.84,2025-08-17 11:19:12.109732+00:00,2025-08-17 09:19:12.117729+00:00
901,sensor_3,26.02,2025-08-17 11:19:14.112532+00:00,2025-08-17 09:19:14.122769+00:00
902,sensor_0,20.81,2025-08-17 11:19:16.115003+00:00,2025-08-17 09:19:16.124484+00:00
903,sensor_2,20.96,2025-08-17 11:19:18.115737+00:00,2025-08-17 09:19:18.123699+00:00
904,sensor_3,21.08,2025-08-17 11:19:20.116872+00:00,2025-08-17 09:19:20.136262+00:00
905,sensor_4,29.33,2025-08-17 11:19:22.119001+00:00,2025-08-17 09:19:22.127193+00:00
906,sensor_1,21.1,2025-08-17 11:19:24.121780+00:00,2025-08-17 09:19:24.135054+00:00
907,sensor_1,27.23,2025-08-17 11:19:27.870413+00:00,2025-08-17 09:19:27.879894+00:00
908,sensor_1,22.86,2025-08-17 11:19:29.872291+00:00,2025-08-17 09:19:29.879893+00:00
909,sensor_0,29.9,2025-08-17 11:19:31.874370+00:00,2025-08-17 09:19:31.882533+00:00
910,sensor_3,26.44,2025-08-17 11:19:33.876147+00:00,2025-08-17 09:19:33.884057+00:00
911,sensor_4,29.83,2025-08-17 11:19:35.878062+00:00,2025-08-17 09:19:35.885623+00:00
912,sensor_2,25.17,2025-08-17 11:19:37.880067+00:00,2025-08-17 09:19:37.888092+00:00
913,sensor_1,24.9,2025-08-17 11:19:39.882541+00:00,2025-08-17 09:19:39.901499+00:00
914,sensor_4,24.54,2025-08-17 11:19:41.885720+00:00,2025-08-17 09:19:41.904091+00:00
915,sensor_1,24.75,2025-08-17 11:19:43.887777+00:00,2025-08-17 09:19:43.895958+00:00
916,sensor_4,27.83,2025-08-17 11:19:45.888876+00:00,2025-08-17 09:19:45.898539+00:00
917,sensor_1,28.83,2025-08-17 11:19:47.891146+00:00,2025-08-17 09:19:47.910974+00:00
918,sensor_2,23.24,2025-08-17 11:19:49.893931+00:00,2025-08-17 09:19:49.912932+00:00
919,sensor_2,24.81,2025-08-17 11:19:51.895490+00:00,2025-08-17 09:19:51.903881+00:00
920,sensor_0,22.88,2025-08-17 11:19:53.897390+00:00,2025-08-17 09:19:53.905963+00:00
921,sensor_4,25.33,2025-08-17 11:19:55.899385+00:00,2025-08-17 09:19:55.907152+00:00
922,sensor_3,24.61,2025-08-17 11:19:57.901392+00:00,2025-08-17 09:19:57.919367+00:00
923,sensor_3,22.27,2025-08-17 11:19:59.903795+00:00,2025-08-17 09:19:59.912831+00:00
924,sensor_0,26.02,2025-08-17 11:20:01.906394+00:00,2025-08-17 09:20:01.925407+00:00
925,sensor_2,21.65,2025-08-17 11:20:03.908681+00:00,2025-08-17 09:20:03.916203+00:00
926,sensor_4,20.0,2025-08-17 11:20:05.910660+00:00,2025-08-17 09:20:05.928767+00:00
927,sensor_3,23.63,2025-08-17 11:20:07.912746+00:00,2025-08-17 09:20:07.920589+00:00
928,sensor_1,26.51,2025-08-17 11:20:09.915267+00:00,2025-08-17 09:20:09.922725+00:00
929,sensor_0,20.46,2025-08-17 11:20:11.916973+00:00,2025-08-17 09:20:11.934629+00:00
930,sensor_3,22.05,2025-08-17 11:20:13.918686+00:00,2025-08-17 09:20:13.926424+00:00
931,sensor_3,22.97,2025-08-17 11:20:18.410427+00:00,2025-08-17 09:20:18.428362+00:00
932,sensor_0,24.58,2025-08-17 11:20:20.411952+00:00,2025-08-17 09:20:20.421789+00:00
933,sensor_1,26.31,2025-08-17 11:20:22.413643+00:00,2025-08-17 09:20:22.431030+00:00
934,sensor_0,29.29,2025-08-17 11:20:24.414979+00:00,2025-08-17 09:20:24.422238+00:00
935,sensor_1,26.97,2025-08-17 11:20:26.416762+00:00,2025-08-17 09:20:26.425027+00:00
936,sensor_3,23.5,2025-08-17 11:20:28.418424+00:00,2025-08-17 09:20:28.426803+00:00
937,sensor_3,20.41,2025-08-17 11:20:30.420033+00:00,2025-08-17 09:20:30.438413+00:00
938,sensor_3,20.06,2025-08-17 11:20:32.422635+00:00,2025-08-17 09:20:32.432388+00:00
939,sensor_2,27.9,2025-08-17 11:20:34.423976+00:00,2025-08-17 09:20:34.445518+00:00
940,sensor_2,29.57,2025-08-17 11:20:36.427073+00:00,2025-08-17 09:20:36.435046+00:00
941,sensor_1,29.38,2025-08-17 11:20:38.429174+00:00,2025-08-17 09:20:38.437413+00:00
942,sensor_0,29.68,2025-08-17 11:20:40.431374+00:00,2025-08-17 09:20:40.438294+00:00
943,sensor_1,25.94,2025-08-17 11:20:42.433927+00:00,2025-08-17 09:20:42.453253+00:00
944,sensor_3,25.44,2025-08-17 11:20:44.436783+00:00,2025-08-17 09:20:44.454552+00:00
945,sensor_3,29.65,2025-08-17 11:20:46.438465+00:00,2025-08-17 09:20:46.458492+00:00
946,sensor_0,20.08,2025-08-17 11:20:48.440730+00:00,2025-08-17 09:20:48.448997+00:00
947,sensor_4,25.12,2025-08-17 11:20:52.250528+00:00,2025-08-17 09:20:52.270170+00:00
948,sensor_3,22.17,2025-08-17 11:20:54.252979+00:00,2025-08-17 09:20:54.271945+00:00
949,sensor_3,22.0,2025-08-17 11:20:56.254928+00:00,2025-08-17 09:20:56.272476+00:00
950,sensor_4,23.95,2025-08-17 11:20:58.257916+00:00,2025-08-17 09:20:58.264921+00:00
951,sensor_4,25.75,2025-08-17 11:21:00.260204+00:00,2025-08-17 09:21:00.279389+00:00
952,sensor_0,24.03,2025-08-17 11:21:02.262704+00:00,2025-08-17 09:21:02.283736+00:00
953,sensor_3,26.11,2025-08-17 11:21:04.265813+00:00,2025-08-17 09:21:04.290200+00:00
954,sensor_0,20.74,2025-08-17 11:21:06.268696+00:00,2025-08-17 09:21:06.367465+00:00
955,sensor_3,21.59,2025-08-17 11:21:08.271623+00:00,2025-08-17 09:21:08.286501+00:00
956,sensor_2,24.11,2025-08-17 11:21:10.274587+00:00,2025-08-17 09:21:10.308866+00:00
957,sensor_4,20.21,2025-08-17 11:21:12.275824+00:00,2025-08-17 09:21:12.307412+00:00
958,sensor_4,22.25,2025-08-17 11:21:14.279278+00:00,2025-08-17 09:21:14.310629+00:00
959,sensor_2,22.75,2025-08-17 11:21:16.283596+00:00,2025-08-17 09:21:16.303028+00:00
960,sensor_4,23.88,2025-08-17 11:21:18.287189+00:00,2025-08-17 09:21:18.309481+00:00
961,sensor_0,28.99,2025-08-17 11:21:20.289599+00:00,2025-08-17 09:21:20.298956+00:00
962,sensor_4,20.59,2025-08-17 11:21:22.291723+00:00,2025-08-17 09:21:22.316786+00:00
963,sensor_1,25.95,2025-08-17 11:21:26.130589+00:00,2025-08-17 09:21:26.160980+00:00
964,sensor_0,20.97,2025-08-17 11:21:28.133165+00:00,2025-08-17 09:21:28.163524+00:00
965,sensor_4,23.61,2025-08-17 11:21:30.135423+00:00,2025-08-17 09:21:30.164945+00:00
966,sensor_3,25.66,2025-08-17 11:21:32.136430+00:00,2025-08-17 09:21:32.151842+00:00
967,sensor_2,21.19,2025-08-17 11:21:34.138585+00:00,2025-08-17 09:21:34.157660+00:00
968,sensor_1,25.26,2025-08-17 11:21:36.140788+00:00,2025-08-17 09:21:36.149102+00:00
969,sensor_4,22.86,2025-08-17 11:21:38.142728+00:00,2025-08-17 09:21:38.160817+00:00
970,sensor_2,27.3,2025-08-17 11:21:40.145105+00:00,2025-08-17 09:21:40.154029+00:00
971,sensor_1,23.48,2025-08-17 11:21:42.147936+00:00,2025-08-17 09:21:42.161242+00:00
972,sensor_4,24.95,2025-08-17 11:21:44.150999+00:00,2025-08-17 09:21:44.170066+00:00
973,sensor_2,23.33,2025-08-17 11:21:46.153272+00:00,2025-08-17 09:21:46.174014+00:00
974,sensor_1,25.46,2025-08-17 11:21:48.155993+00:00,2025-08-17 09:21:48.175985+00:00
975,sensor_2,24.11,2025-08-17 11:21:50.158354+00:00,2025-08-17 09:21:50.167642+00:00
976,sensor_2,24.79,2025-08-17 11:21:52.161466+00:00,2025-08-17 09:21:52.180226+00:00
977,sensor_2,28.64,2025-08-17 11:21:54.164332+00:00,2025-08-17 09:21:54.186461+00:00
978,sensor_0,23.46,2025-08-17 11:21:56.169261+00:00,2025-08-17 09:21:56.190971+00:00
979,sensor_2,27.78,2025-08-17 11:21:58.172833+00:00,2025-08-17 09:21:58.182197+00:00
980,sensor_2,24.78,2025-08-17 11:22:00.174192+00:00,2025-08-17 09:22:00.193558+00:00
981,sensor_0,24.01,2025-08-17 11:22:02.176211+00:00,2025-08-17 09:22:02.198832+00:00
982,sensor_1,24.21,2025-08-17 11:22:04.179141+00:00,2025-08-17 09:22:04.187634+00:00
983,sensor_0,21.13,2025-08-17 11:22:06.181354+00:00,2025-08-17 09:22:06.200012+00:00
984,sensor_1,21.11,2025-08-17 11:22:08.182809+00:00,2025-08-17 09:22:08.192547+00:00
985,sensor_1,28.95,2025-08-17 11:22:10.185514+00:00,2025-08-17 09:22:10.193916+00:00
986,sensor_3,22.9,2025-08-17 11:22:12.186644+00:00,2025-08-17 09:22:12.207239+00:00
987,sensor_0,22.56,2025-08-17 11:22:16.336000+00:00,2025-08-17 09:22:16.345275+00:00
988,sensor_1,27.27,2025-08-17 11:22:18.337733+00:00,2025-08-17 09:22:18.348027+00:00
989,sensor_2,24.11,2025-08-17 11:22:20.339918+00:00,2025-08-17 09:22:20.349748+00:00
990,sensor_4,20.73,2025-08-17 11:22:22.341888+00:00,2025-08-17 09:22:22.350365+00:00
991,sensor_1,20.12,2025-08-17 11:22:24.344837+00:00,2025-08-17 09:22:24.360723+00:00
992,sensor_1,22.53,2025-08-17 11:22:26.346825+00:00,2025-08-17 09:22:26.366077+00:00
993,sensor_1,28.65,2025-08-17 11:22:28.348644+00:00,2025-08-17 09:22:28.358633+00:00
994,sensor_1,23.69,2025-08-17 11:22:30.351373+00:00,2025-08-17 09:22:30.360941+00:00
995,sensor_1,21.17,2025-08-17 11:22:32.353810+00:00,2025-08-17 09:22:32.372162+00:00
996,sensor_1,27.56,2025-08-17 11:22:34.356713+00:00,2025-08-17 09:22:34.365393+00:00
997,sensor_1,25.15,2025-08-17 11:22:36.358626+00:00,2025-08-17 09:22:36.368972+00:00
998,sensor_0,28.03,2025-08-17 11:22:38.361796+00:00,2025-08-17 09:22:38.370135+00:00
999,sensor_4,28.54,2025-08-17 11:22:40.364956+00:00,2025-08-17 09:22:40.373700+00:00
1000,sensor_1,26.73,2025-08-17 11:22:42.367900+00:00,2025-08-17 09:22:42.375695+00:00
